,Eurodollar #2 Continuous Contract Excess Returns,US Equity,Commodity,10yr Bond,10yr IL bond,10 Year BEI,Fed Funds Rate Return
1/31/1950,#N/A,0.0361968363,#N/A,#N/A,#N/A,#N/A,0.0008873234
2/28/1950,#N/A,0.0279310086,#N/A,#N/A,#N/A,#N/A,0.0009285762
3/31/1950,#N/A,0.0156654592,#N/A,#N/A,#N/A,#N/A,0.0009285762
4/30/1950,#N/A,0.0101953233,#N/A,#N/A,#N/A,#N/A,0.0009533189
5/31/1950,#N/A,0.0550104453,#N/A,#N/A,#N/A,#N/A,0.0009615650
6/30/1950,#N/A,0.0344163472,#N/A,#N/A,#N/A,#N/A,0.0009533189
7/31/1950,#N/A,-0.0553925161,#N/A,#N/A,#N/A,#N/A,0.0009615650
8/31/1950,#N/A,0.0261859459,#N/A,#N/A,#N/A,#N/A,0.0009945418
9/30/1950,#N/A,0.0339654234,#N/A,#N/A,#N/A,#N/A,0.0010769316
10/31/1950,#N/A,0.0659697738,#N/A,#N/A,#N/A,#N/A,0.0010851665
11/30/1950,#N/A,-0.0019337508,#N/A,#N/A,#N/A,#N/A,0.0011263297
12/31/1950,#N/A,0.0100007735,#N/A,#N/A,#N/A,#N/A,0.0011098666
1/31/1951,#N/A,0.0610119275,#N/A,#N/A,#N/A,#N/A,0.0011098666
2/28/1951,#N/A,0.0525409363,#N/A,#N/A,#N/A,#N/A,0.0011263297
3/31/1951,#N/A,0.0081931739,#N/A,#N/A,#N/A,#N/A,0.0011592468
4/30/1951,#N/A,-0.0198189708,#N/A,#N/A,#N/A,#N/A,0.0012168233
5/31/1951,#N/A,0.0611649860,#N/A,#N/A,#N/A,#N/A,0.0012825803
6/30/1951,#N/A,-0.0419630210,#N/A,#N/A,#N/A,#N/A,0.0012003766
7/31/1951,#N/A,-0.0132883738,#N/A,#N/A,#N/A,#N/A,0.0012907966
8/31/1951,#N/A,0.0709034427,#N/A,#N/A,#N/A,#N/A,0.0013400788
9/30/1951,#N/A,0.0380968672,#N/A,#N/A,#N/A,#N/A,0.0013482899
10/31/1951,#N/A,0.0120306921,#N/A,#N/A,#N/A,#N/A,0.0012743633
11/30/1951,#N/A,-0.0118961804,#N/A,#N/A,#N/A,#N/A,0.0012907966
12/31/1951,#N/A,-0.0034733749,#N/A,#N/A,#N/A,#N/A,0.0014303602
1/31/1952,#N/A,0.0409310656,#N/A,#N/A,#N/A,#N/A,0.0012990121
2/29/1952,#N/A,0.0245699865,#N/A,#N/A,#N/A,#N/A,0.0012743633
3/31/1952,#N/A,-0.0384547236,#N/A,#N/A,#N/A,#N/A,0.0013154410
4/30/1952,#N/A,0.0422440861,#N/A,#N/A,#N/A,#N/A,0.0012990121
5/31/1952,#N/A,-0.0382283517,#N/A,#N/A,#N/A,#N/A,0.0013811269
6/30/1952,#N/A,0.0306125848,#N/A,#N/A,#N/A,#N/A,0.0014057469
7/31/1952,#N/A,0.0586598951,#N/A,#N/A,#N/A,#N/A,0.0014959633
8/31/1952,#N/A,0.0163023414,#N/A,#N/A,#N/A,#N/A,0.0015123566
9/30/1952,#N/A,-0.0084528351,#N/A,#N/A,#N/A,#N/A,0.0014139521
10/31/1952,#N/A,-0.0232743928,#N/A,#N/A,#N/A,#N/A,0.0014385632
11/30/1952,#N/A,0.0079955384,#N/A,#N/A,#N/A,#N/A,0.0015287471
12/31/1952,#N/A,0.0465774997,#N/A,#N/A,#N/A,#N/A,0.0017252024
1/31/1953,#N/A,0.0362546746,#N/A,#N/A,#N/A,#N/A,0.0016188417
2/28/1953,#N/A,0.0016745846,#N/A,#N/A,#N/A,#N/A,0.0016270277
3/31/1953,#N/A,-0.0191221583,#N/A,#N/A,#N/A,#N/A,0.0016597644
4/30/1953,#N/A,-0.0233852992,#N/A,-0.0018069338,#N/A,#N/A,0.0018069338
5/31/1953,#N/A,-0.0177462360,#N/A,-0.0154657812,#N/A,#N/A,0.0017824221
6/30/1953,#N/A,-0.0203826156,#N/A,-0.0035990121,#N/A,#N/A,0.0017415545
7/31/1953,#N/A,0.0067913741,#N/A,0.0139868430,#N/A,#N/A,0.0016843091
8/31/1953,#N/A,0.0277934076,#N/A,-0.0007318490,#N/A,#N/A,0.0016843091
9/30/1953,#N/A,-0.0536989130,#N/A,0.0067787452,#N/A,#N/A,0.0014795669
10/31/1953,#N/A,0.0066899564,#N/A,0.0165598869,#N/A,#N/A,0.0011427897
11/30/1953,#N/A,0.0533889795,#N/A,-0.0004629090,#N/A,#N/A,0.0011921521
12/31/1953,#N/A,0.0082836308,#N/A,0.0074622956,#N/A,#N/A,0.0013236544
1/31/1954,#N/A,0.0105284012,#N/A,0.0092054246,#N/A,#N/A,0.0009780549
2/28/1954,#N/A,0.0454454232,#N/A,0.0019707010,#N/A,#N/A,0.0008047617
3/31/1954,#N/A,0.0136450383,#N/A,0.0085074499,#N/A,#N/A,0.0008543078
4/30/1954,#N/A,0.0385557339,#N/A,0.0070147802,#N/A,#N/A,0.0008047617
5/31/1954,#N/A,0.0417762259,#N/A,-0.0046036380,#N/A,#N/A,0.0006311379
6/30/1954,#N/A,0.0382898432,#N/A,0.0006895257,#N/A,#N/A,0.0005317753
7/31/1954,#N/A,0.0040256214,#N/A,0.0072290954,#N/A,#N/A,0.0005980291
8/31/1954,#N/A,0.0640572894,#N/A,-0.0032629475,#N/A,#N/A,0.0007634528
9/30/1954,#N/A,-0.0276820407,#N/A,-0.0003572161,#N/A,#N/A,0.0008377954
10/31/1954,#N/A,0.0778739030,#N/A,-0.0025120362,#N/A,#N/A,0.0008130213
11/30/1954,#N/A,-0.0125495668,#N/A,-0.0024281760,#N/A,#N/A,0.0007717161
12/31/1954,#N/A,0.0718455990,#N/A,-0.0011046856,#N/A,#N/A,0.0009533189
1/31/1955,#N/A,0.0837359226,#N/A,-0.0062522721,#N/A,#N/A,0.0010110257
2/28/1955,#N/A,0.0016643181,#N/A,-0.0017429553,#N/A,#N/A,0.0009698103
3/31/1955,#N/A,0.0054257466,#N/A,-0.0010697767,#N/A,#N/A,0.0010604596
4/30/1955,#N/A,0.0053289622,#N/A,-0.0042185688,#N/A,#N/A,0.0013154410
5/31/1955,#N/A,0.0317092474,#N/A,0.0003330471,#N/A,#N/A,0.0012003766
6/30/1955,#N/A,-0.0000370406,#N/A,-0.0003554942,#N/A,#N/A,0.0011674743
7/31/1955,#N/A,0.0868142839,#N/A,-0.0077823477,#N/A,#N/A,0.0013236544
8/31/1955,#N/A,0.0437702869,#N/A,-0.0042831547,#N/A,#N/A,0.0015697102
9/30/1955,#N/A,0.0115323104,#N/A,0.0007330875,#N/A,#N/A,0.0017088473
10/31/1955,#N/A,-0.0189689371,#N/A,0.0071633709,#N/A,#N/A,0.0018396059
11/30/1955,#N/A,-0.0038143731,#N/A,-0.0002078150,#N/A,#N/A,0.0018477721
12/31/1955,#N/A,0.0734784006,#N/A,-0.0048144755,#N/A,#N/A,0.0020924178
1/31/1956,#N/A,-0.0030793686,#N/A,0.0048205143,#N/A,#N/A,0.0019864853
2/29/1956,#N/A,-0.0237982674,#N/A,0.0048477821,#N/A,#N/A,0.0019130752
3/31/1956,#N/A,0.0354227814,#N/A,-0.0082607881,#N/A,#N/A,0.0018559375
4/30/1956,#N/A,0.0702402160,#N/A,-0.0156989176,#N/A,#N/A,0.0021412681
5/31/1956,#N/A,-0.0101088014,#N/A,0.0084670048,#N/A,#N/A,0.0021494073
6/30/1956,#N/A,-0.0524378088,#N/A,0.0055684244,#N/A,#N/A,0.0020516891
7/31/1956,#N/A,0.0307616616,#N/A,-0.0074398089,#N/A,#N/A,0.0019049149
8/31/1956,#N/A,0.0582667763,#N/A,-0.0155540828,#N/A,#N/A,0.0021412681
9/30/1956,#N/A,-0.0339839336,#N/A,-0.0032302760,#N/A,#N/A,0.0023364082
10/31/1956,#N/A,-0.0657947115,#N/A,0.0032918620,#N/A,#N/A,0.0023851280
11/30/1956,#N/A,0.0414349216,#N/A,-0.0105871616,#N/A,#N/A,0.0024581588
12/31/1956,#N/A,-0.0111718016,#N/A,-0.0070136901,#N/A,#N/A,0.0026364328
1/31/1957,#N/A,0.0053581903,#N/A,0.0098120311,#N/A,#N/A,0.0025554424
2/28/1957,#N/A,-0.0334808158,#N/A,0.0090003706,#N/A,#N/A,0.0025473394
3/31/1957,#N/A,-0.0190357131,#N/A,-0.0048663969,#N/A,#N/A,0.0025311312
4/30/1957,#N/A,0.0097668765,#N/A,-0.0047982723,#N/A,#N/A,0.0025230261
5/31/1957,#N/A,0.0431091057,#N/A,-0.0083474309,#N/A,#N/A,0.0025149202
6/30/1957,#N/A,0.0296177504,#N/A,-0.0142004309,#N/A,#N/A,0.0027011733
7/31/1957,#N/A,0.0016142406,#N/A,-0.0088644441,#N/A,#N/A,0.0025959466
8/31/1957,#N/A,0.0079532080,#N/A,0.0004515812,#N/A,#N/A,0.0027658679
9/30/1957,#N/A,-0.0487948877,#N/A,0.0010440386,#N/A,#N/A,0.0028951194
10/31/1957,#N/A,-0.0584077947,#N/A,-0.0033328780,#N/A,#N/A,0.0029354730
11/30/1957,#N/A,-0.0533708978,#N/A,0.0186097846,#N/A,#N/A,0.0027173512
12/31/1957,#N/A,0.0238778705,#N/A,0.0376100242,#N/A,#N/A,0.0024987063
1/31/1958,#N/A,-0.0233675467,#N/A,0.0093557263,#N/A,#N/A,0.0020109422
2/28/1958,#N/A,0.0446566366,#N/A,0.0041842983,#N/A,#N/A,0.0012661455
3/31/1958,#N/A,-0.0192886032,#N/A,0.0065279593,#N/A,#N/A,0.0010769316
4/30/1958,#N/A,0.0219079193,#N/A,0.0088032693,#N/A,#N/A,0.0009368245
5/31/1958,#N/A,0.0409078644,#N/A,-0.0013011831,#N/A,#N/A,0.0007551887
6/30/1958,#N/A,0.0201650099,#N/A,-0.0019295246,#N/A,#N/A,0.0006890493
7/31/1958,#N/A,0.0242165847,#N/A,-0.0150283702,#N/A,#N/A,0.0007551887
8/31/1958,#N/A,0.0503857556,#N/A,-0.0233973670,#N/A,#N/A,0.0013975410
9/30/1958,#N/A,0.0116232377,#N/A,-0.0150098323,#N/A,#N/A,0.0020109422
10/31/1958,#N/A,0.0418825144,#N/A,-0.0019752588,#N/A,#N/A,0.0021656835
11/30/1958,#N/A,0.0321398770,#N/A,0.0052523572,#N/A,#N/A,0.0021982272
12/31/1958,#N/A,0.0223216319,#N/A,-0.0078805622,#N/A,#N/A,0.0022795355
1/31/1959,#N/A,0.0524678519,#N/A,-0.0106952820,#N/A,#N/A,0.0023201625
2/28/1959,#N/A,-0.0037267287,#N/A,0.0053957771,#N/A,#N/A,0.0022226273
3/31/1959,#N/A,0.0097025352,#N/A,-0.0012260055,#N/A,#N/A,0.0023039139
4/30/1959,#N/A,-0.0005880297,#N/A,-0.0085242027,#N/A,#N/A,0.0024257079
5/31/1959,#N/A,0.0353896061,#N/A,-0.0126274529,#N/A,#N/A,0.0023364082
6/30/1959,#N/A,0.0169262267,#N/A,-0.0012702339,#N/A,#N/A,0.0026364328
7/31/1959,#N/A,0.0056451219,#N/A,-0.0033920229,#N/A,#N/A,0.0026283370
8/31/1959,#N/A,0.0292312491,#N/A,-0.0013337683,#N/A,#N/A,0.0027739515
9/30/1959,#N/A,-0.0310098673,#N/A,-0.0175988556,#N/A,#N/A,0.0033058903
10/31/1959,#N/A,-0.0334777869,#N/A,0.0112672983,#N/A,#N/A,0.0033139262
11/30/1959,#N/A,0.0074803150,#N/A,0.0003045717,#N/A,#N/A,0.0033942459
12/31/1959,#N/A,0.0213505045,#N/A,-0.0114304005,#N/A,#N/A,0.0036668053
1/31/1960,#N/A,0.0197031248,#N/A,-0.0018765055,#N/A,#N/A,0.0035546735
2/29/1960,#N/A,-0.0663756283,#N/A,0.0171179019,#N/A,#N/A,0.0032415779
3/31/1960,#N/A,0.0010712457,#N/A,0.0182156411,#N/A,#N/A,0.0027173512
4/30/1960,#N/A,-0.0101450568,#N/A,-0.0013357797,#N/A,#N/A,0.0026526222
5/31/1960,#N/A,-0.0232590396,#N/A,-0.0042337625,#N/A,#N/A,0.0027011733
6/30/1960,#N/A,0.0332852346,#N/A,0.0159297348,#N/A,#N/A,0.0020272431
7/31/1960,#N/A,0.0219000835,#N/A,0.0195436904,#N/A,#N/A,0.0018967538
8/31/1960,#N/A,-0.0258801520,#N/A,0.0085219935,#N/A,#N/A,0.0018967538
9/30/1960,#N/A,0.0289687338,#N/A,0.0010692757,#N/A,#N/A,0.0020435412
10/31/1960,#N/A,-0.0642563629,#N/A,-0.0052811937,#N/A,#N/A,0.0018967538
11/30/1960,#N/A,0.0118027082,#N/A,-0.0016551568,#N/A,#N/A,0.0019538659
12/31/1960,#N/A,0.0261716215,#N/A,0.0078618967,#N/A,#N/A,0.0018559375
1/31/1961,#N/A,0.0418779723,#N/A,0.0012972521,#N/A,#N/A,0.0018477721
2/28/1961,#N/A,0.0757898271,#N/A,0.0054864814,#N/A,#N/A,0.0019946383
3/31/1961,#N/A,0.0252376740,#N/A,0.0040183769,#N/A,#N/A,0.0019701771
4/30/1961,#N/A,0.0347480255,#N/A,-0.0017148379,#N/A,#N/A,0.0018885920
5/31/1961,#N/A,-0.0060421082,#N/A,0.0062703096,#N/A,#N/A,0.0018885920
6/30/1961,#N/A,0.0218414199,#N/A,-0.0111547035,#N/A,#N/A,0.0019212348
7/31/1961,#N/A,-0.0196882748,#N/A,-0.0015573880,#N/A,#N/A,0.0018477721
8/31/1961,#N/A,0.0335225298,#N/A,-0.0074112914,#N/A,#N/A,0.0019701771
9/30/1961,#N/A,0.0126843903,#N/A,0.0057532162,#N/A,#N/A,0.0018804295
10/31/1961,#N/A,-0.0203277489,#N/A,0.0056911605,#N/A,#N/A,0.0018967538
11/30/1961,#N/A,0.0296230891,#N/A,-0.0002772768,#N/A,#N/A,0.0020435412
12/31/1961,#N/A,0.0445553801,#N/A,-0.0075646319,#N/A,#N/A,0.0021412681
1/31/1962,#N/A,-0.0030335918,#N/A,-0.0003581281,#N/A,#N/A,0.0022388904
2/28/1962,#N/A,-0.0377376006,#N/A,0.0039745150,#N/A,#N/A,0.0022470209
3/31/1962,#N/A,0.0164158928,#N/A,0.0090050351,#N/A,#N/A,0.0022388904
4/30/1962,#N/A,-0.0056330755,#N/A,0.0074708134,#N/A,#N/A,0.0022470209
5/31/1962,#N/A,-0.0615074688,#N/A,-0.0012356397,#N/A,#N/A,0.0022144946
6/30/1962,#N/A,-0.0852049188,#N/A,-0.0019649625,#N/A,#N/A,0.0022470209
7/31/1962,#N/A,-0.0812635698,#N/A,-0.0064108476,#N/A,#N/A,0.0024013621
8/31/1962,#N/A,0.0641446729,#N/A,0.0031254937,#N/A,#N/A,0.0023201625
9/30/1962,#N/A,0.0159400798,#N/A,0.0009699979,#N/A,#N/A,0.0022876623
10/31/1962,#N/A,-0.0474057444,#N/A,0.0046107075,#N/A,#N/A,0.0022551506
11/30/1962,#N/A,0.0050016256,#N/A,0.0016108724,#N/A,#N/A,0.0023282857
12/31/1962,#N/A,0.1019862807,#N/A,0.0051813890,#N/A,#N/A,0.0023607713
1/31/1963,#N/A,0.0137916468,#N/A,0.0029348819,#N/A,#N/A,0.0023932454
2/28/1963,#N/A,0.0511390806,#N/A,-0.0057597698,#N/A,#N/A,0.0024013621
3/31/1963,#N/A,-0.0301549500,#N/A,0.0001107553,#N/A,#N/A,0.0023770098
4/30/1963,#N/A,0.0356670055,#N/A,-0.0020531267,#N/A,#N/A,0.0023851280
5/31/1963,#N/A,0.0486663639,#N/A,0.0037266996,#N/A,#N/A,0.0024094781
6/30/1963,#N/A,0.0144482352,#N/A,-0.0035680490,#N/A,#N/A,0.0024581588
7/31/1963,#N/A,-0.0201896420,#N/A,-0.0015094884,#N/A,#N/A,0.0026121432
8/31/1963,#N/A,-0.0036297919,#N/A,0.0020066850,#N/A,#N/A,0.0027254391
9/30/1963,#N/A,0.0484654266,#N/A,-0.0052650080,#N/A,#N/A,0.0027739515
10/31/1963,#N/A,-0.0113501205,#N/A,-0.0016536627,#N/A,#N/A,0.0028305166
11/30/1963,#N/A,0.0318860401,#N/A,-0.0002452428,#N/A,#N/A,0.0028870466
12/31/1963,#N/A,-0.0109031230,#N/A,-0.0002371427,#N/A,#N/A,0.0028870466
1/31/1964,#N/A,0.0240226743,#N/A,-0.0023887668,#N/A,#N/A,0.0028870466
2/29/1964,#N/A,0.0264892468,#N/A,0.0019554124,#N/A,#N/A,0.0028951194
3/31/1964,#N/A,0.0093956612,#N/A,-0.0045463665,#N/A,#N/A,0.0029031916
4/30/1964,#N/A,0.0147380163,#N/A,-0.0001158064,#N/A,#N/A,0.0028466716
5/31/1964,#N/A,0.0056321672,#N/A,0.0027630119,#N/A,#N/A,0.0028547480
6/30/1964,#N/A,0.0110395403,#N/A,0.0027395622,#N/A,#N/A,0.0028547480
7/31/1964,#N/A,0.0159543223,#N/A,-0.0008679705,#N/A,#N/A,0.0028385944
8/31/1964,#N/A,0.0177944709,#N/A,0.0005554553,#N/A,#N/A,0.0028708987
9/30/1964,#N/A,-0.0167154802,#N/A,-0.0001885351,#N/A,#N/A,0.0028951194
10/31/1964,#N/A,0.0281757732,#N/A,0.0012268143,#N/A,#N/A,0.0029274037
11/30/1964,#N/A,0.0074791944,#N/A,0.0033229412,#N/A,#N/A,0.0029838737
12/31/1964,#N/A,-0.0058800229,#N/A,-0.0019105018,#N/A,#N/A,0.0031450242
1/31/1965,#N/A,0.0031895425,#N/A,-0.0004223804,#N/A,#N/A,0.0031208697
2/28/1965,#N/A,0.0323402317,#N/A,-0.0012304962,#N/A,#N/A,0.0032174490
3/31/1965,#N/A,-0.0022845291,#N/A,0.0002249548,#N/A,#N/A,0.0032174490
4/30/1965,#N/A,-0.0153419476,#N/A,0.0009447245,#N/A,#N/A,0.0032174490
5/31/1965,#N/A,0.0334384501,#N/A,-0.0004705886,#N/A,#N/A,0.0031852673
6/30/1965,#N/A,-0.0083330630,#N/A,0.0003295870,#N/A,#N/A,0.0031128168
7/31/1965,#N/A,-0.0492372644,#N/A,0.0010171494,#N/A,#N/A,0.0031450242
8/31/1965,#N/A,0.0128030506,#N/A,-0.0033077672,#N/A,#N/A,0.0031450242
9/30/1965,#N/A,0.0217626132,#N/A,-0.0026115038,#N/A,#N/A,0.0032094047
10/31/1965,#N/A,0.0311180608,#N/A,-0.0041036890,#N/A,#N/A,0.0032978538
11/30/1965,#N/A,0.0264088916,#N/A,-0.0069718581,#N/A,#N/A,0.0033460626
12/31/1965,#N/A,-0.0099010830,#N/A,-0.0121308940,#N/A,#N/A,0.0035787134
1/31/1966,#N/A,0.0076217552,#N/A,0.0007409379,#N/A,#N/A,0.0037468151
2/28/1966,#N/A,0.0035237766,#N/A,-0.0157717478,#N/A,#N/A,0.0037947873
3/31/1966,#N/A,-0.0190476500,#N/A,-0.0026689469,#N/A,#N/A,0.0037468151
4/30/1966,#N/A,-0.0230793599,#N/A,0.0087915511,#N/A,#N/A,0.0037708043
5/31/1966,#N/A,0.0193826629,#N/A,-0.0020594650,#N/A,#N/A,0.0037867937
6/30/1966,#N/A,-0.0551137757,#N/A,-0.0019229105,#N/A,#N/A,0.0036748094
7/31/1966,#N/A,-0.0173275529,#N/A,-0.0149891610,#N/A,#N/A,0.0039146076
8/31/1966,#N/A,-0.0157558809,#N/A,-0.0142080277,#N/A,#N/A,0.0040422428
9/30/1966,#N/A,-0.0779749176,#N/A,0.0027330276,#N/A,#N/A,0.0043684958
10/31/1966,#N/A,-0.0082920147,#N/A,0.0120065431,#N/A,#N/A,0.0043526081
11/30/1966,#N/A,0.0461268896,#N/A,-0.0109446630,#N/A,#N/A,0.0043287712
12/31/1966,#N/A,0.0019700837,#N/A,0.0230513194,#N/A,#N/A,0.0040422428
1/31/1967,#N/A,-0.0025440727,#N/A,0.0187418228,#N/A,#N/A,0.0038507230
2/28/1967,#N/A,0.0771720351,#N/A,-0.0035680604,#N/A,#N/A,0.0037228195
3/31/1967,#N/A,0.0011409985,#N/A,0.0067531419,#N/A,#N/A,0.0034825160
4/30/1967,#N/A,0.0388851960,#N/A,-0.0030236340,#N/A,#N/A,0.0031450242
5/31/1967,#N/A,0.0418595615,#N/A,-0.0178027915,#N/A,#N/A,0.0029516094
6/30/1967,#N/A,-0.0527403749,#N/A,-0.0110892234,#N/A,#N/A,0.0029031916
7/31/1967,#N/A,0.0166415568,#N/A,-0.0093371289,#N/A,#N/A,0.0034424038
8/31/1967,#N/A,0.0443848253,#N/A,-0.0078376323,#N/A,#N/A,0.0034905364
9/30/1967,#N/A,-0.0128189932,#N/A,-0.0007382789,#N/A,#N/A,0.0036107566
10/31/1967,#N/A,0.0315691290,#N/A,-0.0122085777,#N/A,#N/A,0.0037228195
11/30/1967,#N/A,-0.0365308787,#N/A,-0.0185518181,#N/A,#N/A,0.0038587110
12/31/1967,#N/A,0.0059673532,#N/A,0.0041674018,#N/A,#N/A,0.0040502141
1/31/1968,#N/A,0.0247336138,#N/A,0.0126379942,#N/A,#N/A,0.0040741238
2/29/1968,#N/A,-0.0452453278,#N/A,-0.0016941754,#N/A,#N/A,0.0040581847
3/31/1968,#N/A,-0.0327150074,#N/A,-0.0124573666,#N/A,#N/A,0.0042094937
4/30/1968,#N/A,0.0177546069,#N/A,0.0073850667,#N/A,#N/A,0.0043764387
5/31/1968,#N/A,0.0675960972,#N/A,-0.0163094154,#N/A,#N/A,0.0045985582
6/30/1968,#N/A,0.0108908827,#N/A,0.0109185448,#N/A,#N/A,0.0044875660
7/31/1968,#N/A,0.0068488519,#N/A,0.0159650712,#N/A,#N/A,0.0043208242
8/31/1968,#N/A,-0.0201004349,#N/A,0.0060174033,#N/A,#N/A,0.0041458152
9/30/1968,#N/A,0.0096917562,#N/A,-0.0026618837,#N/A,#N/A,0.0042254064
10/31/1968,#N/A,0.0365961879,#N/A,-0.0084369932,#N/A,#N/A,0.0043526081
11/30/1968,#N/A,0.0051607255,#N/A,-0.0084115328,#N/A,#N/A,0.0044320192
12/31/1968,#N/A,0.0454973474,#N/A,-0.0235481502,#N/A,#N/A,0.0048359455
1/31/1969,#N/A,-0.0441122937,#N/A,-0.0007941154,#N/A,#N/A,0.0049780823
2/28/1969,#N/A,-0.0106476782,#N/A,-0.0106573734,#N/A,#N/A,0.0049623002
3/31/1969,#N/A,-0.0496938933,#N/A,-0.0076268771,#N/A,#N/A,0.0048833490
4/30/1969,#N/A,0.0320127747,#N/A,0.0093332177,#N/A,#N/A,0.0049544082
5/31/1969,#N/A,0.0190266187,#N/A,-0.0104786585,#N/A,#N/A,0.0048991447
6/30/1969,#N/A,-0.0048367193,#N/A,-0.0176885580,#N/A,#N/A,0.0052144867
7/31/1969,#N/A,-0.0585138293,#N/A,-0.0108790106,#N/A,#N/A,0.0056541454
8/31/1969,#N/A,-0.0621538627,#N/A,0.0019050144,#N/A,#N/A,0.0056384797
9/30/1969,#N/A,0.0360646633,#N/A,-0.0332083206,#N/A,#N/A,0.0057246080
10/31/1969,#N/A,-0.0279684295,#N/A,0.0043269100,#N/A,#N/A,0.0056541454
11/30/1969,#N/A,0.0398064831,#N/A,-0.0029095660,#N/A,#N/A,0.0058419252
12/31/1969,#N/A,-0.0375290682,#N/A,-0.0360622263,#N/A,#N/A,0.0062941407
1/31/1970,#N/A,-0.0221168497,#N/A,-0.0099123575,#N/A,#N/A,0.0063330203
2/28/1970,#N/A,-0.0792519773,#N/A,0.0389800227,#N/A,#N/A,0.0057559073
3/31/1970,#N/A,0.0502651003,#N/A,0.0123861289,#N/A,#N/A,0.0053638938
4/30/1970,#N/A,-0.0007928913,#N/A,-0.0219090551,#N/A,#N/A,0.0052695598
5/31/1970,#N/A,-0.0925935164,#N/A,-0.0357108811,#N/A,#N/A,0.0055287443
6/30/1970,#N/A,-0.0629273296,#N/A,0.0058292647,#N/A,#N/A,0.0054031709
7/31/1970,#N/A,-0.0518206596,#N/A,0.0276088346,#N/A,#N/A,0.0052223563
8/31/1970,#N/A,0.0714500448,#N/A,-0.0040595137,#N/A,#N/A,0.0051908738
9/30/1970,#N/A,0.0426574251,#N/A,0.0108834589,#N/A,#N/A,0.0049623002
10/31/1970,#N/A,0.0323863101,#N/A,0.0053553450,#N/A,#N/A,0.0047964238
11/30/1970,#N/A,-0.0136799886,#N/A,0.0360124937,#N/A,#N/A,0.0042969791
12/31/1970,#N/A,0.0463397651,#N/A,0.0332811805,#N/A,#N/A,0.0039704700
1/31/1971,#N/A,0.0558890388,#N/A,0.0121375863,#N/A,#N/A,0.0036267740
2/28/1971,#N/A,0.0400816112,#N/A,0.0112132809,#N/A,#N/A,0.0030322488
3/31/1971,#N/A,0.0088634671,#N/A,0.0312722259,#N/A,#N/A,0.0027739515
4/30/1971,#N/A,0.0361172109,#N/A,-0.0077437666,#N/A,#N/A,0.0031611235
5/31/1971,#N/A,0.0354080959,#N/A,-0.0381304582,#N/A,#N/A,0.0033862171
6/30/1971,#N/A,-0.0428776854,#N/A,-0.0078527672,#N/A,#N/A,0.0038746850
7/31/1971,#N/A,-0.0065380605,#N/A,-0.0138717607,#N/A,#N/A,0.0043923223
8/31/1971,#N/A,-0.0375174412,#N/A,0.0119715842,#N/A,#N/A,0.0040262982
9/30/1971,#N/A,0.0348240729,#N/A,0.0325888569,#N/A,#N/A,0.0038267548
10/31/1971,#N/A,-0.0080063593,#N/A,0.0162036029,#N/A,#N/A,0.0036427886
11/30/1971,#N/A,-0.0425186958,#N/A,0.0098676191,#N/A,#N/A,0.0034504277
12/31/1971,#N/A,-0.0032814516,#N/A,-0.0070606262,#N/A,#N/A,0.0032817785
1/31/1972,#N/A,0.0858473447,#N/A,0.0006225209,#N/A,#N/A,0.0027739515
2/29/1972,#N/A,0.0178943502,#N/A,-0.0069914709,#N/A,#N/A,0.0026283370
3/31/1972,#N/A,0.0245911430,#N/A,0.0025813815,#N/A,#N/A,0.0030564267
4/30/1972,#N/A,0.0051914329,#N/A,-0.0065928500,#N/A,#N/A,0.0030403088
5/31/1972,#N/A,0.0037046797,#N/A,0.0062334204,#N/A,#N/A,0.0030241880
6/30/1972,#N/A,0.0164100652,#N/A,0.0031824594,#N/A,#N/A,0.0032013596
7/31/1972,#N/A,-0.0227173949,#N/A,0.0016967479,#N/A,#N/A,0.0032576603
8/31/1972,#N/A,0.0013231146,#N/A,-0.0053968903,#N/A,#N/A,0.0032898165
9/30/1972,#N/A,0.0329712144,#N/A,-0.0227019082,#N/A,#N/A,0.0038027802
10/31/1972,#N/A,-0.0063992734,#N/A,0.0063648203,#N/A,#N/A,0.0038666984
11/30/1972,#N/A,0.0076572915,#N/A,0.0154609825,#N/A,#N/A,0.0038986407
12/31/1972,#N/A,0.0436939301,#N/A,-0.0046826267,#N/A,#N/A,0.0041298886
1/31/1973,#N/A,0.0097119097,#N/A,-0.0062936572,#N/A,#N/A,0.0044002630
2/28/1973,#N/A,-0.0194661097,#N/A,-0.0119801962,#N/A,#N/A,0.0045510066
3/31/1973,#N/A,-0.0401087555,#N/A,-0.0044867478,#N/A,#N/A,0.0049386220
4/30/1973,#N/A,-0.0041283993,#N/A,0.0031664237,#N/A,#N/A,0.0050727175
5/31/1973,#N/A,-0.0434931682,#N/A,-0.0123907229,#N/A,#N/A,0.0051515053
6/30/1973,#N/A,-0.0221636465,#N/A,-0.0037742006,#N/A,#N/A,0.0058028362
7/31/1973,#N/A,-0.0120259608,#N/A,-0.0169679379,#N/A,#N/A,0.0064417955
8/31/1973,#N/A,0.0347158110,#N/A,-0.0200516994,#N/A,#N/A,0.0069528581
9/30/1973,#N/A,-0.0403508544,#N/A,0.0210186498,#N/A,#N/A,0.0066589586
10/31/1973,#N/A,0.0367440117,#N/A,0.0209677050,#N/A,#N/A,0.0058262916
11/30/1973,#N/A,-0.0048999811,#N/A,0.0034038497,#N/A,#N/A,0.0063019180
12/31/1973,#N/A,-0.1181399119,#N/A,-0.0012661276,#N/A,#N/A,0.0060059167
1/31/1974,#N/A,0.0145964075,#N/A,-0.0183299658,#N/A,#N/A,0.0062552446
2/28/1974,#N/A,-0.0127942425,#N/A,0.0020018195,#N/A,#N/A,0.0057480835
3/31/1974,#N/A,-0.0071321462,#N/A,-0.0182691910,#N/A,#N/A,0.0064029621
4/30/1974,#N/A,-0.0269054176,#N/A,-0.0217997518,#N/A,#N/A,0.0066899398
5/31/1974,#N/A,-0.0424861607,#N/A,-0.0054398387,#N/A,#N/A,0.0066124670
6/30/1974,#N/A,-0.0367141178,#N/A,0.0025406076,#N/A,#N/A,0.0063563402
7/31/1974,#N/A,-0.0171145563,#N/A,-0.0187908401,#N/A,#N/A,0.0060839047
8/31/1974,#N/A,-0.0811484737,#N/A,-0.0168564627,#N/A,#N/A,0.0071765167
9/30/1974,#N/A,-0.0924701883,#N/A,-0.0000155248,#N/A,#N/A,0.0064806124
10/31/1974,#N/A,-0.1211389547,#N/A,0.0101826017,#N/A,#N/A,0.0060137185
11/30/1974,#N/A,0.1611074854,#N/A,0.0156580003,#N/A,#N/A,0.0060215196
12/31/1974,#N/A,-0.0568834210,#N/A,0.0178668622,#N/A,#N/A,0.0057715529
1/31/1975,#N/A,-0.0174822212,#N/A,-0.0039661273,#N/A,#N/A,0.0050727175
2/28/1975,#N/A,0.1205832628,#N/A,0.0092554996,#N/A,#N/A,0.0044716989
3/31/1975,#N/A,0.0590005403,#N/A,-0.0221749592,#N/A,#N/A,0.0044637644
4/30/1975,#N/A,0.0206896373,#N/A,-0.0329832518,#N/A,#N/A,0.0045589336
5/31/1975,#N/A,0.0463617702,#N/A,0.0141542441,#N/A,#N/A,0.0042572234
6/30/1975,#N/A,0.0449932273,#N/A,0.0160428657,#N/A,#N/A,0.0043446631
7/31/1975,#N/A,0.0406900582,#N/A,-0.0125261230,#N/A,#N/A,0.0049701916
8/31/1975,#N/A,-0.0693300282,#N/A,-0.0222578595,#N/A,#N/A,0.0052144867
9/30/1975,#N/A,-0.0226904884,#N/A,-0.0005296851,#N/A,#N/A,0.0051987454
10/31/1975,#N/A,-0.0360630376,#N/A,0.0220442184,#N/A,#N/A,0.0048359455
11/30/1975,#N/A,0.0605412587,#N/A,0.0083339640,#N/A,#N/A,0.0044558291
12/31/1975,#N/A,0.0236781272,#N/A,0.0055209914,#N/A,#N/A,0.0044240812
1/31/1976,#N/A,-0.0123657200,#N/A,0.0205626876,#N/A,#N/A,0.0039704700
2/29/1976,#N/A,0.1173273392,#N/A,-0.0012255355,#N/A,#N/A,0.0039784476
3/31/1976,#N/A,-0.0124841488,#N/A,0.0063737907,#N/A,#N/A,0.0040741238
4/30/1976,#N/A,0.0297103603,#N/A,0.0141154730,#N/A,#N/A,0.0039624918
5/31/1976,#N/A,-0.0122045812,#N/A,-0.0217746553,#N/A,#N/A,0.0042333617
6/30/1976,#N/A,-0.0157404888,#N/A,0.0047374604,#N/A,#N/A,0.0044002630
7/31/1976,#N/A,0.0396529729,#N/A,0.0041546402,#N/A,#N/A,0.0042572234
8/31/1976,#N/A,-0.0092085779,#N/A,0.0062918576,#N/A,#N/A,0.0041856195
9/30/1976,#N/A,-0.0062696381,#N/A,0.0146650268,#N/A,#N/A,0.0041378523
10/31/1976,#N/A,0.0217757569,#N/A,0.0146733926,#N/A,#N/A,0.0040103508
11/30/1976,#N/A,-0.0228840464,#N/A,0.0104884977,#N/A,#N/A,0.0038746850
12/31/1976,#N/A,-0.0081600785,#N/A,0.0318013871,#N/A,#N/A,0.0035546735
1/31/1977,#N/A,0.0519602936,#N/A,-0.0220036289,#N/A,#N/A,0.0037708043
2/28/1977,#N/A,-0.0509871079,#N/A,-0.0105633015,#N/A,#N/A,0.0038107724
3/31/1977,#N/A,-0.0220047972,#N/A,-0.0026812590,#N/A,#N/A,0.0037548122
4/30/1977,#N/A,-0.0142255095,#N/A,0.0085935718,#N/A,#N/A,0.0037068189
5/31/1977,#N/A,-0.0002763039,#N/A,-0.0043801715,#N/A,#N/A,0.0040422428
6/30/1977,#N/A,-0.0240709796,#N/A,0.0145075511,#N/A,#N/A,0.0040900601
7/31/1977,#N/A,0.0447292953,#N/A,-0.0018461194,#N/A,#N/A,0.0042254064
8/31/1977,#N/A,-0.0169631279,#N/A,-0.0034397892,#N/A,#N/A,0.0044637644
9/30/1977,#N/A,-0.0219405584,#N/A,0.0054418550,#N/A,#N/A,0.0047173290
10/31/1977,#N/A,-0.0035114568,#N/A,-0.0116296122,#N/A,#N/A,0.0049938616
11/30/1977,#N/A,-0.0459201765,#N/A,-0.0030689338,#N/A,#N/A,0.0049465154
12/31/1977,#N/A,0.0277718625,#N/A,-0.0064764235,#N/A,#N/A,0.0049228331
1/31/1978,#N/A,0.0018819415,#N/A,-0.0177784574,#N/A,#N/A,0.0052144867
2/28/1978,#N/A,-0.0623839241,#N/A,-0.0036791554,#N/A,#N/A,0.0052223563
3/31/1978,#N/A,-0.0254659322,#N/A,0.0006667759,#N/A,#N/A,0.0050963610
4/30/1978,#N/A,0.0239690395,#N/A,-0.0062595674,#N/A,#N/A,0.0050963610
5/31/1978,#N/A,0.0844214255,#N/A,-0.0124844563,#N/A,#N/A,0.0051908738
6/30/1978,#N/A,0.0028897796,#N/A,-0.0063434954,#N/A,#N/A,0.0054424311
7/31/1978,#N/A,-0.0191015079,#N/A,-0.0112977829,#N/A,#N/A,0.0056619772
8/31/1978,#N/A,0.0521076037,#N/A,0.0171247245,#N/A,#N/A,0.0057167815
9/30/1978,#N/A,0.0235448110,#N/A,-0.0002573538,#N/A,#N/A,0.0063174705
10/31/1978,#N/A,-0.0096052812,#N/A,-0.0148544308,#N/A,#N/A,0.0064262641
11/30/1978,#N/A,-0.0846018388,#N/A,-0.0117176730,#N/A,#N/A,0.0069296898
12/31/1978,#N/A,0.0063769000,#N/A,-0.0139682116,#N/A,#N/A,0.0072689055
1/31/1979,#N/A,0.0082789377,#N/A,-0.0064484012,#N/A,#N/A,0.0074764401
2/28/1979,#N/A,0.0365658372,#N/A,-0.0001691094,#N/A,#N/A,0.0074534040
3/31/1979,#N/A,-0.0398763683,#N/A,-0.0016665356,#N/A,#N/A,0.0075761968
4/30/1979,#N/A,0.0514648028,#N/A,-0.0043828096,#N/A,#N/A,0.0075608567
5/31/1979,#N/A,-0.0013857019,#N/A,-0.0051355118,#N/A,#N/A,0.0076758448
6/30/1979,#N/A,-0.0293168635,#N/A,0.0235599444,#N/A,#N/A,0.0072535138
7/31/1979,#N/A,0.0355368332,#N/A,-0.0030075086,#N/A,#N/A,0.0073919458
8/31/1979,#N/A,0.0052764302,#N/A,-0.0059411284,#N/A,#N/A,0.0076068693
9/30/1979,#N/A,0.0490351811,#N/A,-0.0215219403,#N/A,#N/A,0.0081724660
10/31/1979,#N/A,-0.0061235634,#N/A,-0.0677585825,#N/A,#N/A,0.0092631835
11/30/1979,#N/A,-0.0724356429,#N/A,-0.0248514373,#N/A,#N/A,0.0093309246
12/31/1979,#N/A,0.0373706217,#N/A,0.0166149633,#N/A,#N/A,0.0095188323
1/31/1980,#N/A,0.0114639510,#N/A,-0.0289700324,#N/A,#N/A,0.0094887929
2/29/1980,#N/A,0.0515582950,#N/A,-0.1089687451,#N/A,#N/A,0.0101324833
3/31/1980,#N/A,-0.0117378129,#N/A,-0.0246816019,#N/A,#N/A,0.0118614255
4/30/1980,#N/A,-0.1075662163,#N/A,0.0857865025,#N/A,#N/A,0.0103857261
5/31/1980,#N/A,0.0387047787,#N/A,0.0900173592,#N/A,#N/A,0.0068833355
6/30/1980,#N/A,0.0450791702,#N/A,0.0297299162,#N/A,#N/A,0.0057089543
7/31/1980,#N/A,0.0245542589,#N/A,-0.0306474110,#N/A,#N/A,0.0064806124
8/31/1980,#N/A,0.0617095908,#N/A,-0.0565232654,#N/A,#N/A,0.0073073733
9/30/1980,#N/A,0.0015699707,#N/A,-0.0269457941,#N/A,#N/A,0.0081800854
10/31/1980,#N/A,0.0197913556,#N/A,-0.0161902997,#N/A,#N/A,0.0092029272
11/30/1980,#N/A,0.0089327745,#N/A,-0.0633792346,#N/A,#N/A,0.0107790997
12/31/1980,#N/A,0.0940664118,#N/A,-0.0127098458,#N/A,#N/A,0.0120734494
1/31/1981,#N/A,-0.0418010428,#N/A,0.0163767936,#N/A,#N/A,0.0117295783
2/28/1981,#N/A,-0.0538564364,#N/A,-0.0427262700,#N/A,#N/A,0.0115608313
3/31/1981,#N/A,0.0071626674,#N/A,0.0045147189,#N/A,#N/A,0.0105046580
4/30/1981,#N/A,0.0291178480,#N/A,-0.0373690803,#N/A,#N/A,0.0107494698
5/31/1981,#N/A,-0.0321884043,#N/A,-0.0295283802,#N/A,#N/A,0.0126630791
6/30/1981,#N/A,-0.0092347234,#N/A,0.0411769272,#N/A,#N/A,0.0115167594
7/31/1981,#N/A,-0.0180280107,#N/A,-0.0542508268,#N/A,#N/A,0.0116782533
8/31/1981,#N/A,-0.0102241958,#N/A,-0.0439684563,#N/A,#N/A,0.0120880537
9/30/1981,#N/A,-0.0691140525,#N/A,-0.0245376364,#N/A,#N/A,0.0114947155
10/31/1981,#N/A,-0.0600221324,#N/A,0.0123834603,#N/A,#N/A,0.0106382726
11/30/1981,#N/A,0.0488392731,#N/A,0.1196086930,#N/A,#N/A,0.0086285093
12/31/1981,#N/A,0.0284327192,#N/A,-0.0198579683,#N/A,#N/A,0.0086209272
1/31/1982,0.0000000000,-0.0351596081,#N/A,-0.0558693109,#N/A,#N/A,0.0096988625
2/28/1982,0.0035460993,-0.0282109528,#N/A,0.0113068471,#N/A,#N/A,0.0105937560
3/31/1982,-0.0078916372,-0.0610050449,#N/A,0.0388440612,#N/A,#N/A,0.0099981304
4/30/1982,0.0150777633,-0.0154707641,#N/A,0.0002036169,#N/A,#N/A,0.0100130682
5/31/1982,0.0026900585,0.0308959195,#N/A,0.0178287377,#N/A,#N/A,0.0095563677
6/30/1982,-0.0150472413,-0.0392162381,#N/A,-0.0437629644,#N/A,#N/A,0.0098411364
7/31/1982,0.0139744197,-0.0258232141,#N/A,0.0252374409,#N/A,#N/A,0.0089992694
8/31/1982,0.0112123336,-0.0184381557,#N/A,0.0630207621,#N/A,#N/A,0.0069605796
9/30/1982,0.0093555094,0.1078253780,#N/A,0.0519780147,#N/A,#N/A,0.0063718835
10/31/1982,0.0207117519,0.0053637728,#N/A,0.1002352947,#N/A,#N/A,0.0062085473
11/30/1982,0.0021300448,0.1081930594,#N/A,0.0266013748,#N/A,#N/A,0.0064883738
12/31/1982,0.0090614163,0.0338259125,#N/A,0.0026842336,#N/A,#N/A,0.0063874241
1/31/1983,-0.0042128603,0.0126491000,#N/A,0.0074921534,#N/A,#N/A,0.0063252457
2/28/1983,0.0125807170,0.0303050170,#N/A,-0.0158066744,#N/A,#N/A,0.0065194129
3/31/1983,-0.0129741616,0.0161436358,#N/A,0.0160689793,#N/A,#N/A,0.0067054265
4/30/1983,0.0109167873,0.0297444765,#N/A,0.0092386214,#N/A,#N/A,0.0065969645
5/31/1983,-0.0080440771,0.0720063351,#N/A,0.0030565616,#N/A,#N/A,0.0065814595
6/30/1983,-0.0035547656,-0.0159823458,#N/A,-0.0305813457,#N/A,#N/A,0.0070454728
7/31/1983,-0.0083612040,0.0314289672,#N/A,-0.0343366118,#N/A,#N/A,0.0072689055
8/31/1983,-0.0012366498,-0.0382769634,#N/A,-0.0299622641,#N/A,#N/A,0.0074687621
9/30/1983,0.0092300765,0.0089084360,#N/A,0.0156035753,#N/A,#N/A,0.0072073233
10/31/1983,-0.0002230649,0.0061682644,#N/A,0.0096922879,#N/A,#N/A,0.0069296898
11/30/1983,0.0001115573,-0.0182314838,#N/A,-0.0079522188,#N/A,#N/A,0.0070223279
12/31/1983,-0.0036809816,0.0135576715,#N/A,-0.0073409212,#N/A,#N/A,0.0072073233
1/31/1984,0.0030228392,-0.0122871502,#N/A,0.0129766763,#N/A,#N/A,0.0071302873
2/29/1984,-0.0045764036,-0.0127777455,#N/A,-0.0094362229,#N/A,#N/A,0.0072766004
3/31/1984,-0.0098676833,-0.0427433965,#N/A,-0.0302896144,#N/A,#N/A,0.0076068693
4/30/1984,-0.0033975085,0.0094996989,#N/A,-0.0186510924,#N/A,#N/A,0.0077371129
5/31/1984,-0.0179545455,0.0014081339,#N/A,-0.0494662112,#N/A,#N/A,0.0078442335
6/30/1984,-0.0038185605,-0.0633406103,#N/A,-0.0072396810,#N/A,#N/A,0.0078748164
7/31/1984,0.0154489488,0.0132252235,#N/A,0.0158195587,#N/A,#N/A,0.0080657287
8/31/1984,0.0014870739,-0.0210043438,#N/A,0.0447557111,#N/A,#N/A,0.0083323394
9/30/1984,0.0089091947,0.1017025928,#N/A,0.0151027230,#N/A,#N/A,0.0082562440
10/31/1984,0.0109815465,-0.0075722156,#N/A,0.0261759088,#N/A,#N/A,0.0077753847
11/30/1984,0.0089585666,-0.0032919711,#N/A,0.0423635752,#N/A,#N/A,0.0069065156
12/31/1984,-0.0016648169,-0.0178540479,#N/A,0.0073931546,#N/A,#N/A,0.0064806124
1/31/1985,0.0081156198,0.0194850974,#N/A,0.0109454504,#N/A,#N/A,0.0062474633
2/28/1985,-0.0126819585,0.0711410943,#N/A,-0.0063651540,#N/A,#N/A,0.0066434640
3/31/1985,0.0005584720,0.0052823597,#N/A,-0.0211837813,#N/A,#N/A,0.0068369578
4/30/1985,0.0065862916,-0.0057826907,#N/A,0.0319303208,#N/A,#N/A,0.0063951934
5/31/1985,0.0146390152,-0.0072132951,#N/A,0.0422725587,#N/A,#N/A,0.0060293201
6/30/1985,-0.0012023172,0.0517901721,#N/A,0.0499830753,#N/A,#N/A,0.0056149760
7/31/1985,-0.0031735610,0.0097231260,#N/A,-0.0078190752,#N/A,#N/A,0.0057167815
8/31/1985,0.0061477659,-0.0072170632,#N/A,0.0010872683,#N/A,#N/A,0.0057637304
9/30/1985,-0.0041462084,-0.0142444340,#N/A,-0.0002247756,#N/A,#N/A,0.0057324338
10/31/1985,0.0055878164,-0.0371590739,#N/A,0.0113212089,#N/A,#N/A,0.0057793747
11/30/1985,0.0021791240,0.0400471361,#N/A,0.0337417896,#N/A,#N/A,0.0058419252
12/31/1985,0.0018482279,0.0624500234,#N/A,0.0377682300,#N/A,#N/A,0.0057324338
1/31/1986,-0.0020618557,0.0424730080,#N/A,0.0065064924,#N/A,#N/A,0.0057089543
2/28/1986,0.0047846890,-0.0003507249,#N/A,0.0354610346,#N/A,#N/A,0.0057011265
3/31/1986,0.0060606061,0.0690109160,#N/A,0.0656864416,#N/A,#N/A,0.0053088775
4/30/1986,0.0029044750,0.0506529328,#N/A,0.0348988796,#N/A,#N/A,0.0049149377
5/31/1986,-0.0042904644,-0.0163520756,#N/A,-0.0276460437,#N/A,#N/A,0.0049859723
6/30/1986,0.0058170850,0.0423430367,#N/A,-0.0050863463,#N/A,#N/A,0.0050332981
7/31/1986,0.0013923102,0.0168669801,#N/A,0.0364941727,#N/A,#N/A,0.0047331534
8/31/1986,0.0078074866,-0.0597983390,#N/A,0.0104910067,#N/A,#N/A,0.0044954985
9/30/1986,-0.0044571792,0.0697818072,#N/A,-0.0179980943,#N/A,#N/A,0.0042413163
10/31/1986,0.0038375440,-0.0868093847,#N/A,0.0031847244,#N/A,#N/A,0.0042174504
11/30/1986,-0.0008495275,0.0530993813,#N/A,0.0142251157,#N/A,#N/A,0.0043526081
12/31/1986,-0.0023381868,0.0197570670,#N/A,0.0111572487,#N/A,#N/A,0.0044954985
1/31/1987,0.0007457122,-0.0301246667,#N/A,0.0034253492,#N/A,#N/A,0.0044161425
2/28/1987,-0.0031935278,0.1296576390,#N/A,-0.0107144093,#N/A,#N/A,0.0045430790
3/31/1987,-0.0037377189,0.0346156165,#N/A,0.0013066620,#N/A,#N/A,0.0045430790
4/30/1987,-0.0113624183,0.0239134872,#N/A,-0.0521952913,#N/A,#N/A,0.0045827104
5/31/1987,-0.0011926705,-0.0179646762,#N/A,-0.0388911028,#N/A,#N/A,0.0045985582
6/30/1987,0.0022796353,0.0086281258,#N/A,0.0168295548,#N/A,#N/A,0.0046064811
7/31/1987,-0.0001083072,0.0454568705,#N/A,-0.0013360075,#N/A,#N/A,0.0046223247
8/31/1987,-0.0030329289,0.0453768638,#N/A,-0.0194936685,#N/A,#N/A,0.0048991447
9/30/1987,-0.0121686223,0.0321761048,#N/A,-0.0433992040,#N/A,#N/A,0.0051830014
10/31/1987,0.0153981522,-0.0266105318,#N/A,-0.0042880871,#N/A,#N/A,0.0049701916
11/30/1987,-0.0029246101,-0.2195036924,#N/A,0.0484557920,#N/A,#N/A,0.0046223247
12/31/1987,0.0019554590,-0.0867370719,#N/A,-0.0065319920,#N/A,#N/A,0.0046856719
1/31/1988,0.0060717771,0.0710410141,#N/A,0.0245675058,#N/A,#N/A,0.0047173290
2/29/1988,0.0024787154,0.0384989829,#N/A,0.0342367507,#N/A,#N/A,0.0045985582
3/31/1988,-0.0072027521,0.0400341615,#N/A,-0.0091064562,#N/A,#N/A,0.0046302455
4/30/1988,-0.0033567948,-0.0353172453,#N/A,-0.0222201047,#N/A,#N/A,0.0047964238
5/31/1988,-0.0040199913,0.0073953014,#N/A,-0.0235189705,#N/A,#N/A,0.0050727175
6/30/1988,-0.0001090869,0.0006289577,#N/A,0.0137522142,#N/A,#N/A,0.0052302253
7/31/1988,-0.0052367445,0.0406521743,#N/A,-0.0079244593,#N/A,#N/A,0.0054424311
8/31/1988,-0.0038385611,-0.0081565679,#N/A,-0.0121763331,#N/A,#N/A,0.0057011265
9/30/1988,0.0048442145,-0.0415822872,#N/A,0.0208349798,#N/A,#N/A,0.0058419252
10/31/1988,0.0030678208,0.0365474759,#N/A,0.0136721474,#N/A,#N/A,0.0059278622
11/30/1988,-0.0073184052,0.0227117601,#N/A,-0.0102074928,#N/A,#N/A,0.0062474633
12/31/1988,-0.0034110915,-0.0225558955,#N/A,-0.0096225528,#N/A,#N/A,0.0064883738
1/31/1989,-0.0013249420,0.0109488477,#N/A,0.0020235356,#N/A,#N/A,0.0066434640
2/28/1989,-0.0114980652,0.0670440540,#N/A,-0.0050641041,#N/A,#N/A,0.0068446891
3/31/1989,-0.0041382396,-0.0332064820,#N/A,-0.0127608342,#N/A,#N/A,0.0070686118
4/30/1989,0.0144878706,0.0166182478,#N/A,0.0129116064,#N/A,#N/A,0.0069374132
5/31/1989,0.0059780804,0.0460075841,#N/A,0.0226251433,#N/A,#N/A,0.0067673472
6/30/1989,0.0084736437,0.0311831612,#N/A,0.0407226372,#N/A,#N/A,0.0065504414
7/31/1989,0.0062199913,-0.0116385138,#N/A,0.0183626299,#N/A,#N/A,0.0063407943
8/31/1989,-0.0096518816,0.0845288392,#N/A,-0.0061504207,#N/A,#N/A,0.0063563402
9/30/1989,-0.0002190101,0.0118162706,#N/A,-0.0052660676,#N/A,#N/A,0.0062396815
10/31/1989,0.0085432640,-0.0101348598,#N/A,0.0129262651,#N/A,#N/A,0.0061540371
11/30/1989,0.0007602085,-0.0287239007,#N/A,0.0099827582,#N/A,#N/A,0.0061929763
12/31/1989,0.0004340749,0.0130579427,#N/A,0.0022731974,#N/A,#N/A,0.0061462472
1/31/1990,-0.0069421846,0.0178967635,#N/A,-0.0254889225,#N/A,#N/A,0.0061540371
2/28/1990,0.0009830694,-0.0722590077,#N/A,-0.0176122553,#N/A,#N/A,0.0062318989
3/31/1990,-0.0042557835,0.0049243151,#N/A,-0.0078461044,#N/A,#N/A,0.0063563402
4/30/1990,-0.0035068493,0.0207736909,#N/A,-0.0131522137,#N/A,#N/A,0.0062552446
5/31/1990,0.0073683053,-0.0304097751,#N/A,0.0028823491,#N/A,#N/A,0.0062318989
6/30/1990,0.0020742358,0.0885164765,#N/A,0.0201566192,#N/A,#N/A,0.0062241157
7/31/1990,0.0045756618,-0.0124302235,#N/A,0.0013590050,#N/A,#N/A,0.0061384568
8/31/1990,-0.0014098254,-0.0083097411,#N/A,-0.0185179698,#N/A,#N/A,0.0060059167
9/30/1990,-0.0013032146,-0.0971773127,#N/A,-0.0085638178,#N/A,#N/A,0.0059356706
10/31/1990,0.0035885167,-0.0536392172,#N/A,0.0130627573,#N/A,#N/A,0.0057871959
11/30/1990,-0.0008668328,-0.0094734811,#N/A,0.0241245422,#N/A,#N/A,0.0057011265
12/31/1990,0.0069406789,0.0575678903,#N/A,0.0227979541,#N/A,#N/A,0.0054502811
1/31/1991,0.0010770059,0.0227410728,0.0000000000,0.0007610851,#N/A,#N/A,0.0050411833
2/28/1991,0.0037654653,0.0394417389,0.0023148390,0.0183736028,#N/A,#N/A,0.0048201389
3/31/1991,-0.0013933548,0.0652155932,-0.0007282185,-0.0165161376,#N/A,#N/A,0.0047964238
4/30/1991,0.0032199206,0.0202324386,-0.0155952319,0.0067880896,#N/A,#N/A,0.0045906347
5/31/1991,0.0031025998,-0.0014570470,-0.0289560794,-0.0000568528,#N/A,#N/A,0.0044399565
6/30/1991,-0.0088523891,0.0366332335,0.0375630316,-0.0125844702,#N/A,#N/A,0.0045272215
7/31/1991,0.0045195308,-0.0496912452,-0.0028970903,0.0028087737,#N/A,#N/A,0.0045351506
8/31/1991,0.0077129084,0.0430461043,0.0084322890,0.0280250041,#N/A,#N/A,0.0043367175
9/30/1991,0.0041458488,0.0180035594,0.0046558726,0.0195246269,#N/A,#N/A,0.0042492702
10/31/1991,0.0043404616,-0.0206058469,-0.0290007170,0.0104654289,#N/A,#N/A,0.0040661546
11/30/1991,0.0041108886,0.0107411912,-0.0453514254,0.0100256270,#N/A,#N/A,0.0037228195
12/31/1991,0.0062985513,-0.0449585920,0.0165452304,0.0257639132,#N/A,#N/A,0.0033299958
1/31/1992,-0.0030252451,0.1110587038,-0.0028670357,0.0068162198,#N/A,#N/A,0.0031128168
2/29/1992,-0.0001046353,-0.0204537234,0.0055736182,-0.0191275305,#N/A,#N/A,0.0031450242
3/31/1992,-0.0054416074,0.0087005569,0.0050478390,-0.0113341356,#N/A,#N/A,0.0033058903
4/30/1992,0.0043139731,-0.0224229013,0.0310978345,0.0071903926,#N/A,#N/A,0.0030725417
5/31/1992,0.0028287061,0.0274097400,0.0008065286,0.0093390128,#N/A,#N/A,0.0029758087
6/30/1992,-0.0014625992,0.0004464450,-0.0063091817,0.0120491519,#N/A,#N/A,0.0030000016
7/31/1992,0.0060682151,-0.0174088807,-0.0133280690,0.0327044629,#N/A,#N/A,0.0026364328
8/31/1992,0.0017678869,0.0390341244,0.0122643652,0.0205478664,#N/A,#N/A,0.0025716462
9/30/1992,0.0051904910,-0.0239109618,-0.0317531545,0.0149200452,#N/A,#N/A,0.0023932454
10/31/1992,-0.0039244036,0.0092192126,-0.0110786207,-0.0091156281,#N/A,#N/A,0.0023526510
11/30/1992,-0.0045619492,0.0018962714,-0.0033139554,-0.0168892284,#N/A,#N/A,0.0025716462
12/31/1992,-0.0004166233,0.0300028771,-0.0043213470,0.0099321873,#N/A,#N/A,0.0026445278
1/31/1993,0.0057309576,0.0099628920,0.0100407025,0.0149681577,#N/A,#N/A,0.0024662698
2/28/1993,0.0010360547,0.0069797386,0.0209615834,0.0269285827,#N/A,#N/A,0.0024094781
3/31/1993,-0.0009314842,0.0103374550,0.0068255664,0.0224620690,#N/A,#N/A,0.0024257079
4/30/1993,0.0016575158,0.0186566890,-0.0201429500,0.0031987255,#N/A,#N/A,0.0023607713
5/31/1993,-0.0029992760,-0.0255385934,-0.0060344828,-0.0025409358,#N/A,#N/A,0.0024338217
6/30/1993,-0.0021784232,0.0225811155,0.0146440723,0.0080386328,#N/A,#N/A,0.0025230261
7/31/1993,0.0002079218,0.0004937401,-0.0197477288,0.0129695046,#N/A,#N/A,0.0024987063
8/31/1993,0.0027024218,-0.0055602269,-0.0257800534,0.0114608047,#N/A,#N/A,0.0024824895
9/30/1993,0.0002073183,0.0342309326,-0.0147229267,0.0249677386,#N/A,#N/A,0.0024257079
10/31/1993,-0.0002072754,-0.0102264140,-0.0133938970,0.0040142064,#N/A,#N/A,0.0024824895
11/30/1993,-0.0008292733,0.0190763428,0.0118758116,-0.0258780452,#N/A,#N/A,0.0025473394
12/31/1993,-0.0025936300,-0.0129036991,0.0343576462,-0.0014142639,#N/A,#N/A,0.0025149202
1/31/1994,0.0023923445,0.0096631391,-0.0102074193,0.0036540644,#N/A,#N/A,0.0024500472
2/28/1994,-0.0052921034,0.0318922501,-0.0008090615,-0.0135694140,#N/A,#N/A,0.0026688088
3/31/1994,-0.0069893595,-0.0305368524,0.0181558990,-0.0339492899,#N/A,#N/A,0.0028708987
4/30/1994,-0.0055678117,-0.0467556265,0.0498112616,-0.0321255922,#N/A,#N/A,0.0030161266
5/31/1994,-0.0006338475,0.0107304719,0.0247962101,-0.0124504771,#N/A,#N/A,0.0033862171
6/30/1994,-0.0060253700,0.0113310888,0.0100991171,0.0080110401,#N/A,#N/A,0.0033862171
7/31/1994,0.0005317452,-0.0279849372,-0.0304685728,-0.0117857064,#N/A,#N/A,0.0035386435
8/31/1994,0.0024447279,0.0301637627,-0.0023388829,0.0064262049,#N/A,#N/A,0.0036588004
9/30/1994,-0.0067861308,0.0360621724,0.0038362354,-0.0132834297,#N/A,#N/A,0.0037708043
10/31/1994,-0.0005337888,-0.0286499311,-0.0065603703,-0.0175119205,#N/A,#N/A,0.0040342709
11/30/1994,-0.0057679983,0.0187148921,0.0233800650,-0.0133564676,#N/A,#N/A,0.0043049282
12/31/1994,-0.0114954878,-0.0417920496,-0.0107755920,0.0122869800,#N/A,#N/A,0.0045510066
1/31/1995,0.0088033909,0.0101694567,-0.0058053620,0.0037357830,#N/A,#N/A,0.0046381656
2/28/1995,0.0072182719,0.0219728867,0.0196836182,0.0232112976,#N/A,#N/A,0.0046856719
3/31/1995,-0.0020323029,0.0336183732,0.0154824872,0.0202574412,#N/A,#N/A,0.0046540038
4/30/1995,0.0026795284,0.0248674917,-0.0120371984,0.0110276052,#N/A,#N/A,0.0045906347
5/31/1995,0.0070550508,0.0255666191,-0.0144877902,0.0313394171,#N/A,#N/A,0.0046064811
6/30/1995,0.0003184375,0.0338067243,0.0146481187,0.0334110557,#N/A,#N/A,0.0044478932
7/31/1995,0.0002122241,0.0188568264,0.0123090335,-0.0071689669,#N/A,#N/A,0.0044082031
8/31/1995,0.0000000000,0.0293783564,0.0051877217,-0.0140939629,#N/A,#N/A,0.0043923223
9/30/1995,-0.0004243582,-0.0026796654,0.0037840153,0.0214370749,#N/A,#N/A,0.0042969791
10/31/1995,0.0026533645,0.0377298870,0.0110755474,0.0120449174,#N/A,#N/A,0.0042969791
11/30/1995,0.0019053668,-0.0074431334,0.0484196774,0.0083267544,#N/A,#N/A,0.0043605523
12/31/1995,0.0028526149,0.0387111552,0.0024826740,0.0162353559,#N/A,#N/A,0.0041856195
1/31/1996,0.0017909819,0.0152338526,0.0173165554,0.0048233887,#N/A,#N/A,0.0040741238
2/29/1996,-0.0033652329,0.0304612564,0.0433957121,-0.0106890012,#N/A,#N/A,0.0039385528
3/31/1996,-0.0041152263,0.0046902227,0.0443653725,-0.0317893912,#N/A,#N/A,0.0040422428
4/30/1996,-0.0004238186,0.0056892301,-0.0088152844,-0.0158534932,#N/A,#N/A,0.0040342709
5/31/1996,-0.0011659953,0.0111156121,-0.0056216442,-0.0149812647,#N/A,#N/A,0.0040900601
6/30/1996,-0.0030775761,0.0204736678,-0.0188505868,-0.0106214531,#N/A,#N/A,0.0041458152
7/31/1996,-0.0007451565,-0.0000890958,0.0440983650,0.0041971991,#N/A,#N/A,0.0041935782
8/31/1996,0.0018110152,-0.0480550427,0.0006663420,0.0176142298,#N/A,#N/A,0.0041139593
9/30/1996,0.0007443641,0.0164587133,-0.0181499979,-0.0121130144,#N/A,#N/A,0.0041458152
10/31/1996,0.0032940176,0.0518398473,0.0515090123,0.0225755574,#N/A,#N/A,0.0040661546
11/30/1996,0.0011650074,0.0236926272,0.0091869051,0.0244923465,#N/A,#N/A,0.0040980272
12/31/1996,-0.0020099439,0.0710253570,0.0020238602,-0.0060324672,#N/A,#N/A,0.0040023760
1/31/1997,-0.0010599958,-0.0239927876,0.0065417733,-0.0186972955,#N/A,#N/A,0.0040980272
2/28/1997,-0.0002122241,0.0587882741,0.0163618786,0.0125185834,#N/A,#N/A,0.0040820923
3/31/1997,-0.0056782000,0.0033116808,0.0035250390,-0.0179670971,#N/A,#N/A,0.0041856195
4/30/1997,0.0018679618,-0.0451803337,0.0104344224,-0.0128236302,#N/A,#N/A,0.0042015363
5/31/1997,0.0010121457,0.0557957804,-0.0614791575,0.0141051018,#N/A,#N/A,0.0041139593
6/30/1997,0.0020222447,0.0559889196,0.0279697960,0.0169028168,#N/A,#N/A,0.0040183248
7/31/1997,0.0004248765,0.0406951565,-0.0051557763,0.0202040751,#N/A,#N/A,0.0041139593
8/31/1997,-0.0005308701,0.0753022820,0.0066772890,-0.0047888388,#N/A,#N/A,0.0041856195
9/30/1997,-0.0001593456,-0.0601236291,-0.0002773948,0.0074253037,#N/A,#N/A,0.0040342709
10/31/1997,0.0010624734,0.0504434546,-0.0435467417,0.0137153295,#N/A,#N/A,0.0040502141
11/30/1997,-0.0006368075,-0.0373068164,-0.0444969667,0.0113308639,#N/A,#N/A,0.0041856195
12/31/1997,-0.0000531011,0.0417171855,-0.0005179311,0.0055328901,#N/A,#N/A,0.0042015363
1/31/1998,0.0037172747,0.0129574712,-0.0467898433,0.0197983735,#N/A,#N/A,0.0041059936
2/28/1998,-0.0016401249,0.0072622886,-0.0016215355,-0.0017736722,#N/A,#N/A,0.0041458152
3/31/1998,-0.0014308426,0.0675515424,-0.0172086823,-0.0052499348,#N/A,#N/A,0.0040980272
4/30/1998,-0.0007960516,0.0470871442,-0.0531222835,0.0012663221,#N/A,#N/A,0.0040342709
5/31/1998,0.0016464840,0.0061862724,-0.0258368475,-0.0002013045,#N/A,#N/A,0.0040741238
6/30/1998,-0.0005302508,-0.0216922561,-0.0642806102,0.0111959571,#N/A,#N/A,0.0040581847
7/31/1998,0.0003183193,0.0365387880,-0.0673683512,0.0032741365,#N/A,#N/A,0.0040422428
8/31/1998,0.0030761071,-0.0143682399,0.0733383175,0.0089893190,#N/A,#N/A,0.0039944006
9/30/1998,0.0071908211,-0.1482523002,-0.0330580340,0.0385076250,#N/A,#N/A,0.0037628086
10/31/1998,0.0035172450,0.0604529499,-0.0756028677,0.0207709385,#N/A,#N/A,0.0032415779
11/30/1998,-0.0047604101,0.0778589558,-0.0376275589,-0.0213672508,#N/A,#N/A,0.0036027469
12/31/1998,-0.0003153745,0.0566656008,-0.0078917265,0.0132519709,#N/A,#N/A,0.0035867252
1/31/1999,0.0002103160,0.0539055593,-0.0381919704,-0.0047652406,#N/A,#N/A,0.0035466589
2/28/1999,-0.0031540766,0.0384678340,0.0913511402,-0.0197760510,#N/A,#N/A,0.0036267740
3/31/1999,0.0012656225,-0.0348488771,0.0367056268,-0.0159453139,#N/A,#N/A,0.0036267740
4/30/1999,0.0002633381,0.0363069071,-0.0647523126,0.0043159651,#N/A,#N/A,0.0035065749
5/31/1999,-0.0037910699,0.0352884851,0.0514397006,-0.0250400765,#N/A,#N/A,0.0036748094
6/30/1999,-0.0059196617,-0.0276737929,0.0136684463,-0.0247231392,#N/A,#N/A,0.0037308187
7/31/1999,0.0004785198,0.0517180533,0.0535424231,0.0088721665,#N/A,#N/A,0.0037148196
8/31/1999,-0.0007971515,-0.0348610692,0.0478851844,-0.0097684397,#N/A,#N/A,0.0038507230
9/30/1999,0.0019678758,-0.0090288714,-0.0434034727,0.0024175381,#N/A,#N/A,0.0038187639
10/31/1999,-0.0013270343,-0.0314538244,0.0188299424,-0.0125876223,#N/A,#N/A,0.0039624918
11/30/1999,-0.0007441267,0.0594041948,0.0242540627,0.0064832954,#N/A,#N/A,0.0041298886
12/31/1999,-0.0047872340,0.0157983073,0.0492234998,-0.0169841920,#N/A,#N/A,0.0042333617
1/31/2000,-0.0021913415,0.0544849340,0.0128905645,-0.0259607108,#N/A,#N/A,0.0043287712
2/29/2000,0.0009641652,-0.0544121260,0.0047010595,0.0107334045,#N/A,#N/A,0.0045113614
3/31/2000,-0.0040669984,-0.0237688430,-0.0166659900,0.0190063140,#N/A,#N/A,0.0046223247
4/30/2000,-0.0012895599,0.0930745890,0.0615284573,0.0195797353,#N/A,#N/A,0.0045985582
5/31/2000,-0.0025824501,-0.0345192025,0.0186789572,-0.0315498560,#N/A,#N/A,0.0047015018
6/30/2000,0.0020497330,-0.0255923031,-0.0549807186,0.0246260922,#N/A,#N/A,0.0046223247
7/31/2000,0.0011842601,0.0200344287,0.0925821179,0.0036466379,#N/A,#N/A,0.0048359455
8/31/2000,0.0015054573,-0.0203595711,-0.0110474253,0.0155594617,#N/A,#N/A,0.0049386220
9/30/2000,0.0033821871,0.0567518818,-0.0294928722,0.0019922569,#N/A,#N/A,0.0048675506
10/31/2000,0.0002140182,-0.0574609770,0.0748410711,0.0040107291,#N/A,#N/A,0.0049544082
11/30/2000,0.0020327378,-0.0089801150,0.0270902411,0.0010790138,#N/A,#N/A,0.0050017503
12/31/2000,0.0076873799,-0.0837432561,-0.0282603195,0.0341679388,#N/A,#N/A,0.0046856719
1/31/2001,0.0078406442,0.0008626514,-0.0080359869,0.0057771892,#N/A,#N/A,0.0041935782
2/28/2001,0.0022603028,0.0316773961,-0.0462259796,0.0045047253,#N/A,#N/A,0.0039784476
3/31/2001,0.0026747784,-0.0947833940,0.0316592643,0.0155587516,#N/A,#N/A,0.0036107566
4/30/2001,0.0017261220,-0.0662722487,-0.0240736652,-0.0170161128,#N/A,#N/A,0.0031691722
5/31/2001,0.0033418620,0.0748741254,-0.0426049335,-0.0165731853,#N/A,#N/A,0.0029677430
6/30/2001,-0.0031225605,0.0032795859,0.0098354845,0.0093578033,#N/A,#N/A,0.0028628237
7/31/2001,0.0051683634,-0.0268055478,-0.0033635566,0.0042686333,#N/A,#N/A,0.0028789730
8/31/2001,0.0033759219,-0.0124286488,-0.0696307166,0.0207986184,#N/A,#N/A,0.0027577835
9/30/2001,0.0094207775,-0.0650325194,-0.0494180239,0.0190634460,#N/A,#N/A,0.0021738205
10/31/2001,0.0039485155,-0.0822972278,0.0061167830,0.0135518555,#N/A,#N/A,0.0017824221
11/30/2001,0.0005107774,0.0177049956,-0.0212181179,-0.0035477129,#N/A,#N/A,0.0015451345
12/31/2001,-0.0042883398,0.0749129234,-0.0080871616,-0.0290044094,#N/A,#N/A,0.0013975410
1/31/2002,0.0009741591,0.0073519141,0.0245725286,0.0063511739,#N/A,#N/A,0.0013647099
2/28/2002,0.0019464222,-0.0158120622,0.1006852343,0.0119775174,#N/A,#N/A,0.0014221565
3/31/2002,-0.0105822811,-0.0211194486,-0.0016065870,-0.0238354736,#N/A,#N/A,0.0014795669
4/30/2002,0.0071819779,0.0365006425,-0.0167957357,0.0078730470,#N/A,#N/A,0.0014139521
5/31/2002,0.0023085210,-0.0616229409,0.0180032733,0.0063769507,#N/A,#N/A,0.0014303602
6/30/2002,0.0002559116,-0.0091800010,-0.0069332797,0.0192353205,#N/A,#N/A,0.0014057469
7/31/2002,0.0032748299,-0.0723815211,0.0382474957,0.0226958802,#N/A,#N/A,0.0013893343
8/31/2002,0.0021420921,-0.0789057906,0.0358639509,0.0305095713,#N/A,#N/A,0.0013400788
9/30/2002,0.0017303680,0.0050373035,-0.0116661963,0.0302944264,#N/A,#N/A,0.0013482899
10/31/2002,0.0011177158,-0.1097946040,0.0019038553,-0.0031890457,#N/A,#N/A,0.0013072270
11/30/2002,-0.0002537427,0.0868845014,0.0477909739,-0.0057226542,#N/A,#N/A,0.0010192666
12/31/2002,0.0012690355,0.0575628891,0.0758070366,0.0037695192,#N/A,#N/A,0.0009862987
1/31/2003,0.0007097592,-0.0598146175,0.0327882670,0.0008864288,0.0255644299,0.0237081908,0.0009698103
2/28/2003,0.0003546279,-0.0267902236,-0.0763894556,0.0131718348,0.0068389360,-0.0073027092,0.0009698103
3/31/2003,0.0009115770,-0.0163543427,-0.0071573739,0.0087587530,-0.0151555475,-0.0248511251,0.0009368245
4/30/2003,-0.0006577616,0.0089249043,0.0574937700,-0.0086374246,0.0222973322,0.0299979323,0.0009368245
5/31/2003,0.0014682801,0.0815871437,-0.0255007574,0.0305960233,0.0163092737,-0.0151740730,0.0008873234
6/30/2003,-0.0005561173,0.0514917572,0.0052681579,0.0195838677,-0.0262898411,-0.0466371616,0.0007634528
7/31/2003,-0.0003035055,0.0119317909,0.0386597938,-0.0448974138,-0.0125700281,0.0315804617,0.0007469239
8/31/2003,-0.0005059961,0.0168083808,0.0000000000,-0.0312787850,0.0126265363,0.0431170810,0.0007882404
9/30/2003,-0.0000506252,0.0184415147,0.0468982630,0.0158019595,0.0107947501,-0.0057871881,0.0007799786
10/31/2003,-0.0012656946,-0.0113677385,-0.0038160702,0.0012887865,0.0113735118,0.0093212725,0.0007634528
11/30/2003,-0.0001013839,0.0555380602,0.0728306645,0.0020157792,0.0010566343,-0.0017308610,0.0007717161
12/31/2003,-0.0006083650,0.0077134469,0.0173726621,0.0049255286,0.0091861710,0.0035137185,0.0007469239
1/31/2004,0.0005580074,0.0513177292,0.0641621857,0.0114015269,0.0118087665,-0.0003231525,0.0007303921
2/29/2004,0.0016223890,0.0177954675,0.0299556163,0.0076667266,0.0235567834,0.0151183407,0.0007717161
3/31/2004,-0.0012654383,0.0127526490,-0.0185034176,0.0206164156,-0.0293211356,-0.0507175298,0.0007799786
4/30/2004,-0.0042572601,-0.0158070309,0.0161436310,-0.0350172266,-0.0107852323,0.0234520157,0.0007799786
5/31/2004,-0.0013233573,-0.0162556769,-0.0425563030,-0.0237906145,-0.0009239793,0.0220205832,0.0008460520
6/30/2004,-0.0074410071,0.0123877280,0.0165238763,0.0020823734,0.0126962260,0.0095616302,0.0010522225
7/31/2004,0.0020025674,0.0182931116,-0.0195199913,0.0192642541,0.0144456532,-0.0059202349,0.0011016340
8/31/2004,0.0023060367,-0.0340770017,0.0670052105,0.0182725487,0.0068240681,-0.0126735261,0.0012250455
9/30/2004,-0.0035277877,0.0023365920,0.0154986127,0.0129376490,0.0079047556,-0.0063976033,0.0013647099
10/31/2004,0.0000513084,0.0093310653,-0.0137770092,0.0040846040,0.0066324852,0.0010929143,0.0014549669
11/30/2004,-0.0035400954,0.0136783151,-0.0508585062,-0.0048333012,0.0031616549,0.0062861088,0.0017088473
12/31/2004,-0.0030892802,0.0380927626,0.0083582869,-0.0012588298,-0.0017720309,-0.0023201349,0.0018069338
1/31/2005,-0.0008263609,0.0319532163,0.0683144782,0.0022568476,0.0086519283,0.0044738459,0.0019212348
2/28/2005,-0.0017057790,-0.0260099661,0.0334266278,0.0049578947,-0.0098992296,-0.0169495421,0.0020924178
3/31/2005,-0.0060580956,0.0180457364,-0.0604587462,-0.0225290598,0.0078827744,0.0281566835,0.0022551506
4/30/2005,0.0031256512,-0.0199503512,-0.0102893088,0.0128880096,0.0059134382,-0.0092622338,0.0022876623
5/31/2005,-0.0002077275,-0.0209900232,0.0143172756,0.0156139380,-0.0003538056,-0.0183041519,0.0023364082
6/30/2005,-0.0019738209,0.0289486746,0.0421558688,0.0110404362,-0.0139994476,-0.0274818186,0.0024419348
7/31/2005,-0.0030186322,-0.0013568818,0.0720893743,-0.0123291294,0.0011621773,0.0108467789,0.0026445278
8/31/2005,0.0000000000,0.0345844124,0.0435146590,-0.0051589536,0.0166190433,0.0189555589,0.0028224380
9/30/2005,-0.0027667572,-0.0125816181,-0.0658236512,0.0049948554,-0.0155032198,-0.0233043538,0.0028062787
10/31/2005,-0.0026697377,0.0054128762,-0.0006846189,-0.0182733620,-0.0075157433,0.0077173099,0.0030403088
11/30/2005,-0.0001574638,-0.0194466325,0.0285273014,-0.0052738613,-0.0031426918,-0.0010460506,0.0031772201
12/31/2005,-0.0007349467,0.0334557955,0.0147240124,0.0055469178,0.0099407478,0.0012085628,0.0031852673
1/31/2006,-0.0009456265,-0.0029720568,-0.0658436451,0.0037755877,-0.0017639790,-0.0090060399,0.0034664733
2/28/2006,-0.0019456276,0.0233111733,0.0182452507,-0.0107663527,-0.0101295078,-0.0029819207,0.0036187657
3/31/2006,-0.0017913593,-0.0017746883,0.0640035352,-0.0106949277,-0.0142842966,-0.0072721817,0.0036828128
4/30/2006,-0.0001055632,0.0150587611,0.0051886873,-0.0191916404,-0.0014411172,0.0139957110,0.0037548122
5/31/2006,-0.0008445946,0.0035700370,-0.0194929788,-0.0083470268,-0.0042638637,0.0002324401,0.0038507230
6/30/2006,-0.0029057481,-0.0333088629,0.0276907092,0.0002551145,0.0029987659,-0.0011629731,0.0039066245
7/31/2006,0.0018545011,-0.0024730621,-0.0401950211,0.0015548161,0.0173790093,0.0117899223,0.0040342709
8/31/2006,0.0008990903,0.0041554566,-0.0639001381,0.0151207348,-0.0026911743,-0.0218541519,0.0040422428
9/30/2006,0.0022721268,0.0173546680,0.0428865258,0.0115149866,-0.0074362144,-0.0228737911,0.0039225901
10/31/2006,-0.0010544074,0.0220281177,0.0503365964,-0.0008757549,0.0084006143,0.0052660185,0.0040103508
11/30/2006,0.0004749842,0.0288333643,-0.0496821030,0.0091536366,0.0028756476,-0.0103042871,0.0040262982
12/31/2006,0.0000000000,0.0140998581,-0.0024923578,0.0026694654,-0.0142955950,-0.0209195732,0.0039545128
1/31/2007,-0.0014242760,0.0098197804,0.0296157598,-0.0146538074,0.0058092731,0.0164048958,0.0040581847
2/28/2007,0.0020073957,0.0113611319,0.0055551332,0.0026494260,0.0133621100,0.0066146568,0.0040980272
3/31/2007,0.0007380852,-0.0241590814,0.0072806360,0.0113010889,-0.0059594220,-0.0212868091,0.0040262982
4/30/2007,-0.0015277631,0.0074574188,-0.0028404007,-0.0095608609,-0.0079347031,-0.0023443122,0.0039704700
5/31/2007,-0.0008969556,0.0408761858,-0.0176699108,-0.0043278990,-0.0230594134,-0.0225902254,0.0038587110
6/30/2007,-0.0000528095,0.0302167803,0.0163551815,-0.0248643367,0.0040165863,0.0251181145,0.0037628086
7/31/2007,0.0021653024,-0.0194524306,-0.0398965473,0.0073660628,0.0144535867,0.0031569521,0.0039305718
8/31/2007,0.0022133221,-0.0347983185,0.0766099320,0.0242854883,0.0141095996,-0.0136102680,0.0034343793
9/30/2007,0.0047849406,0.0112080537,0.0295876578,0.0113889954,0.0060422060,-0.0085320567,0.0031852673
10/31/2007,0.0002093254,0.0344513509,-0.0342026111,-0.0002199956,0.0338842109,0.0309108927,0.0031933138
11/30/2007,0.0024590593,0.0109812927,0.0435381135,0.0283782034,0.0006657265,-0.0303974694,0.0026849925
12/31/2007,0.0045929019,-0.0437212778,0.0395860816,0.0045302816,0.0261759482,0.0191793968,0.0024662698
1/31/2008,0.0134039900,-0.0084675228,0.1208356303,0.0271174202,0.0067795690,-0.0226011309,0.0022632796
2/29/2008,0.0003075977,-0.0609208708,-0.0646015933,0.0013147550,0.0264125278,0.0233480433,0.0017497295
3/31/2008,0.0031775318,-0.0341964906,0.0344943898,0.0186855564,-0.0169221131,-0.0366516542,0.0010439846
4/30/2008,-0.0069990804,-0.0023881751,0.0258688481,-0.0104871767,-0.0039896535,0.0054288272,0.0010686960
5/31/2008,-0.0003086896,0.0451570599,0.0892136838,-0.0128539718,-0.0087441862,0.0026794253,0.0014303602
6/30/2008,-0.0038598116,0.0100778517,-0.1198580465,-0.0142098652,0.0087115157,0.0213844397,0.0015369412
7/31/2008,0.0017565613,-0.0872907195,-0.0741773645,0.0084955656,-0.0038437193,-0.0136875748,0.0013482899
8/31/2008,0.0007735946,-0.0052605515,-0.1164522432,0.0105226309,-0.0085143141,-0.0204591015,0.0014221565
9/30/2008,0.0026797217,0.0155196578,-0.2134035857,0.0167146401,-0.0620442290,-0.0796956936,0.0009368245
10/31/2008,0.0066814000,-0.0941447298,-0.0698557270,-0.0062021230,-0.0075864106,-0.0019409136,0.0005566261
11/30/2008,0.0015316281,-0.1654364200,-0.0448787402,0.0232466498,0.0550533770,0.0316485316,0.0001581956
12/31/2008,0.0085130244,-0.0800217796,-0.0538535021,0.0841530754,0.0208054230,-0.0633726490,0.0000249966
1/31/2009,-0.0001516377,0.0187350302,-0.0445506175,-0.0054292762,0.0132702959,0.0185913034,0.0001082688
2/28/2009,-0.0017693747,-0.0859190731,0.0357965053,-0.0236911721,0.0037738418,0.0272153570,0.0002496569
3/31/2009,0.0015699382,-0.1108438676,0.0071869705,0.0058330899,0.0110952748,0.0050873531,0.0001748318
4/30/2009,0.0010112757,0.0902049568,0.1298803484,-0.0058282291,-0.0107444299,-0.0050494364,0.0001332357
5/31/2009,0.0027276860,0.1019718414,-0.0191784331,-0.0238803925,-0.0100661147,0.0136644014,0.0001498764
6/30/2009,-0.0018638860,0.0600082109,0.0321456552,-0.0285420313,0.0026862996,0.0310784545,0.0001498764
7/31/2009,0.0020692440,-0.0005944616,-0.0059774659,0.0144859772,0.0037940436,-0.0108418100,0.0001498764
8/31/2009,0.0026189877,0.0772206494,0.0156221414,0.0006057530,0.0097586890,0.0090113796,0.0001415564
9/30/2009,-0.0019591099,0.0313780815,0.0327302773,0.0166250279,0.0128947132,-0.0038302597,0.0000999450
10/31/2009,0.0014596336,0.0364610460,0.0351222982,0.0034572105,0.0175588149,0.0140432898,0.0000583146
11/30/2009,0.0013067297,-0.0160633279,0.0197364854,0.0020150387,-0.0025853042,-0.0046420000,0.0000416571
12/31/2009,-0.0031621744,0.0621466217,-0.0728277652,-0.0110076947,0.0025032589,0.0134692965,0.0000416571
1/31/2010,0.0028197382,0.0176651289,0.0370490335,-0.0072288779,-0.0008375796,0.0063413121,0.0000499863
2/28/2010,0.0006025306,-0.0366311203,-0.0125538176,0.0058580456,-0.0036800437,-0.0096297098,0.0000916205
3/31/2010,-0.0020072260,0.0307494451,0.0193111402,0.0000071501,0.0036843435,0.0035522792,0.0001249141
4/30/2010,-0.0003016895,0.0609705626,-0.0693455339,-0.0057431547,0.0168284764,0.0224383954,0.0001332357
5/31/2010,-0.0017603863,0.0162908857,0.0030671029,0.0342033620,0.0055851322,-0.0287514655,0.0001332357
6/30/2010,0.0000000000,-0.0836346656,0.0676039447,0.0186947057,0.0035361749,-0.0152584759,0.0000999450
7/31/2010,0.0031742833,-0.0501284779,-0.0255839747,0.0163287097,0.0181811357,0.0017191903,0.0001332357
8/31/2010,0.0003013561,0.0756840279,0.0724726423,0.0249798980,0.0098156024,-0.0152975313,0.0001332357
9/30/2010,0.0001004218,-0.0506787993,0.0497149199,0.0057509036,0.0299471064,0.0240712886,0.0001249141
10/31/2010,0.0003514409,0.0908064249,-0.0036579420,0.0101193287,-0.0091984640,-0.0194260615,0.0001082688
11/30/2010,-0.0021079046,0.0383669566,0.1067471592,-0.0140810056,-0.0258339994,-0.0118695857,0.0001165919
12/31/2010,0.0013076498,0.0021463826,0.0098957528,-0.0363290643,0.0006680939,0.0368805663,0.0001165919
1/31/2011,0.0003013712,0.0612063471,0.0130719592,-0.0046778273,-0.0108267603,-0.0062738471,0.0001249141
2/28/2011,0.0005523475,0.0264099287,0.0205496808,-0.0110837166,0.0238764833,0.0348519311,0.0001082688
3/31/2011,-0.0010037137,0.0320450520,0.0345793384,0.0151817398,0.0106781460,-0.0045868889,0.0000832952
4/30/2011,0.0012056666,0.0020535805,-0.0506181982,-0.0008763775,0.0094551971,0.0102815884,0.0000499863
5/31/2011,0.0001505268,0.0283295936,-0.0504780788,0.0238869770,0.0049758171,-0.0189444872,0.0000333272
6/30/2011,-0.0010033613,-0.0131289016,0.0295930879,0.0149493588,0.0139684888,-0.0010141973,0.0000333272
7/31/2011,-0.0006026214,-0.0167538473,0.0099382979,0.0024329425,0.0395081143,0.0370418445,0.0000333272
8/31/2011,0.0000000000,-0.0195230251,-0.1473618082,0.0537692527,0.0077193105,-0.0460666074,0.0000166651
9/30/2011,-0.0008542284,-0.0550734310,0.0661640095,0.0254224471,-0.0052871678,-0.0307179479,0.0000083330
10/31/2011,0.0003520418,-0.0703763542,-0.0221992683,-0.0108630968,0.0172232040,0.0280696357,0.0000166651
11/30/2011,-0.0021617817,0.1076368918,-0.0374891557,0.0120590256,0.0047589379,-0.0073084207,0.0000083330
12/31/2011,0.0003022975,-0.0015197865,0.0247078125,0.0038577464,0.0084466504,0.0045805710,0.0000083330
1/31/2012,0.0024176488,0.0112593234,0.0269194297,0.0023457269,0.0127932556,0.0104225322,0.0000249966
2/29/2012,0.0001507386,0.0441468477,-0.0414397241,0.0015520586,-0.0064177794,-0.0080448071,0.0000749691
3/31/2012,-0.0001507159,0.0422858036,-0.0043015572,-0.0131210279,0.0069525130,0.0200068987,0.0000666422
4/30/2012,-0.0001004924,0.0327511637,-0.0913910725,0.0105431575,0.0109783280,0.0003685284,0.0000666422
5/31/2012,-0.0005527638,-0.0058827537,0.0548563666,0.0200359878,0.0130694438,-0.0070415131,0.0000749691
6/30/2012,0.0004022324,-0.0612551031,0.0645961898,0.0146975828,0.0082263318,-0.0065462202,0.0000749691
7/31/2012,0.0015077650,0.0417080057,0.0128911208,0.0079050649,0.0000550783,-0.0079332818,0.0000832952
8/31/2012,-0.0001003663,0.0141050039,0.0169735153,-0.0098812724,0.0100984837,0.0198964610,0.0000832952
9/30/2012,0.0001505646,0.0213352988,-0.0388165873,-0.0016515587,0.0041163390,0.0056762772,0.0000916205
10/31/2012,0.0003010839,0.0260788124,0.0004287468,-0.0008724409,0.0022856880,0.0030748337,0.0000832952
11/30/2012,0.0001003311,-0.0181780232,-0.0261346416,0.0087500551,-0.0000200942,-0.0088451184,0.0000749691
12/31/2012,-0.0002006421,0.0046883951,0.0239079835,-0.0038548316,-0.0106202433,-0.0068237263,0.0000583146
1/31/2013,0.0001003412,0.0086541165,-0.0409352536,-0.0126190842,-0.0019188475,0.0106419221,0.0000583146
2/28/2013,0.0001003311,0.0520781802,0.0066604865,-0.0036534628,0.0022062592,0.0057764268,0.0000832952
3/31/2013,-0.0005016051,0.0126945274,-0.0279655679,0.0030314091,0.0049055601,0.0017991820,0.0000749691
4/30/2013,0.0008029710,0.0376400571,-0.0224654947,0.0163094215,-0.0212705177,-0.0376299254,0.0000499863
5/31/2013,-0.0002507271,0.0197059398,-0.0471807670,-0.0110869446,-0.0445510282,-0.0334974107,0.0000333272
6/30/2013,-0.0005517380,0.0230416981,0.0135844000,-0.0255734775,-0.0139536342,0.0115781863,0.0000416571
7/31/2013,0.0004516712,-0.0118052274,0.0339846113,-0.0186084003,-0.0050904928,0.0134845802,0.0000333272
8/31/2013,0.0002006521,0.0511235891,-0.0255602958,-0.0095883085,-0.0068643194,0.0026906618,0.0000333272
9/30/2013,-0.0002006119,-0.0299823256,-0.0148076120,-0.0028680217,0.0184355667,0.0212869232,0.0000166651
10/31/2013,0.0003511412,0.0300175598,-0.0080564985,0.0161565634,-0.0076131671,-0.0238113877,0.0000416571
11/30/2013,0.0004011634,0.0468979549,0.0123354522,-0.0052021707,-0.0124944165,-0.0073505604,0.0000583146
12/31/2013,-0.0006516291,0.0287518059,0.0029351539,-0.0109389577,0.0100435760,0.0209242191,0.0000583146
1/31/2014,0.0004012640,0.0233288120,0.0623030655,0.0052683864,0.0073863112,0.0020845975,0.0000333272
2/28/2014,0.0002506894,-0.0326425403,0.0040685693,0.0132641630,0.0010037815,-0.0123020386,0.0000416571
3/31/2014,-0.0001503759,0.0436322970,0.0243303396,0.0014589619,0.0035797177,0.0020790987,0.0000416571
4/30/2014,0.0001503986,0.0103574140,-0.0287670795,0.0029441051,0.0149149918,0.0119458901,0.0000249966
5/31/2014,0.0001002506,0.0071596279,0.0059357824,0.0131749514,0.0019826509,-0.0112172971,0.0000249966
6/30/2014,-0.0003007217,0.0225038293,-0.0498600576,-0.0008485997,0.0086361338,0.0094514063,0.0000333272
7/31/2014,-0.0001504061,0.0215230913,-0.0104742003,0.0065048029,0.0061162947,-0.0004135048,0.0000249966
8/31/2014,0.0003008574,-0.0149797094,-0.0622739967,0.0108547674,-0.0163667681,-0.0272465321,0.0000249966
9/30/2014,-0.0008521730,0.0400634132,-0.0080519192,-0.0060684523,0.0076746393,0.0137264264,0.0000166651
10/31/2014,0.0008528999,-0.0146469532,-0.0406959609,0.0189297784,-0.0039065063,-0.0228529498,0.0000166651
11/30/2014,0.0000000000,0.0252850219,-0.0762901622,-0.0003186800,-0.0035769575,-0.0032749426,0.0000166651
12/31/2014,-0.0018046017,0.0251315195,-0.0334251906,0.0107016389,0.0181484393,0.0074218039,0.0000249966
1/31/2015,0.0006026214,-0.0017284914,0.0257493705,0.0260915610,0.0008376863,-0.0252788712,0.0000249966
2/28/2015,-0.0000501882,-0.0286390075,-0.0513825203,-0.0058177212,-0.0013041888,0.0044968672,0.0000166651
3/31/2015,-0.0010540052,0.0559643388,0.0573168370,-0.0027998189,0.0150860295,0.0178608518,0.0000249966
4/30/2015,0.0006029242,-0.0162581510,-0.0269944895,0.0090249130,-0.0186186562,-0.0276602343,0.0000166651
5/31/2015,0.0001506402,0.0111541763,0.0172636000,-0.0174944325,-0.0122696589,0.0052081085,0.0000166651
6/30/2015,-0.0012551461,0.0118117544,-0.1062088321,-0.0099248916,0.0005935799,0.0105018064,0.0000166651
7/31/2015,-0.0004021515,-0.0181125077,-0.0092599150,0.0048526908,-0.0038851084,-0.0087627958,0.0000249966
8/31/2015,0.0010560724,0.0197879250,-0.0342164763,0.0128658206,-0.0062890740,-0.0192132092,0.0000583146
9/30/2015,-0.0004018889,-0.0620731969,-0.0044692979,0.0017739283,0.0066124991,0.0048219057,0.0000166651
10/31/2015,-0.0003517942,-0.0238779728,-0.0726395963,0.0091218268,-0.0081187040,-0.0172571959,0.0000166651
11/30/2015,-0.0009049319,0.0855356514,-0.0310725091,-0.0123261652,-0.0019546596,0.0102715606,0.0000999450
12/31/2015,-0.0027675741,0.0025929403,-0.0169987322,0.0031397735,0.0059841597,0.0026529212,0.0001914649
1/31/2016,0.0020688263,-0.0198186917,-0.0165377334,0.0126510517,0.0160576756,0.0031902150,0.0002164089
2/29/2016,-0.0004028400,-0.0480423105,0.0379333819,0.0243106231,0.0105648541,-0.0140037360,0.0002579670
3/31/2016,-0.0001511259,0.0016267020,0.0849110459,-0.0068669457,0.0122078880,0.0188334877,0.0002413460
4/30/2016,-0.0002519146,0.0632643046,-0.0021304833,0.0072633849,-0.0006586913,-0.0081135410,0.0001914649
5/31/2016,-0.0008567253,0.0066710362,0.0410601102,0.0012712412,0.0038114314,0.0023154681,0.0002247220
6/30/2016,0.0017149198,0.0144832632,-0.0513426600,0.0138155151,0.0103940689,-0.0036461683,0.0002247220
7/31/2016,-0.0016112790,0.0040463090,-0.0178949204,0.0114516709,-0.0030662391,-0.0147675669,0.0002496569
8/31/2016,-0.0008573734,0.0366177692,0.0310404276,-0.0034390475,-0.0011865917,0.0020027989,0.0002496569
9/30/2016,0.0001009540,0.0006464433,-0.0051662722,-0.0041163469,0.0027171886,0.0065921895,0.0002413460
10/31/2016,-0.0004542472,-0.0017568608,0.0129609628,-0.0085076630,-0.0152443825,-0.0070113044,0.0002745849
11/30/2016,-0.0004544536,-0.0151125270,0.0175915536,-0.0268221403,-0.0162877980,0.0101601135,0.0003742288
12/31/2016,-0.0019196767,0.0348363079,0.0008889966,-0.0242701874,0.0125577866,0.0364039641,0.0004240098
1/31/2017,-0.0003036898,0.0246058352,0.0016736650,0.0060209235,0.0036694772,-0.0027754560,0.0004240098
2/28/2017,-0.0002531517,0.0163123744,-0.0272171491,0.0023027655,-0.0048389899,-0.0075740594,0.0004323040
3/31/2017,-0.0016205814,0.0423676646,-0.0156764787,-0.0030110474,0.0090684727,0.0114649351,0.0006145850
4/30/2017,0.0003550776,-0.0065033176,-0.0140883294,0.0145757875,-0.0047597611,-0.0199997831,0.0006642346
5/31/2017,0.0007606105,0.0119539115,-0.0027466159,0.0011580954,0.0017812989,-0.0001154549,0.0007386584
6/30/2017,-0.0014187272,0.0121563719,0.0216678349,0.0091569295,-0.0056840426,-0.0156539934,0.0008130213
7/31/2017,0.0001014816,0.0072309852,0.0031401267,-0.0086093185,0.0101430888,0.0178650839,0.0008873234
8/31/2017,0.0003044140,0.0195728904,-0.0023223261,0.0091468971,0.0058399924,-0.0041447001,0.0008377954
9/30/2017,-0.0016737675,-0.0003420098,0.0204629653,0.0017028188,-0.0085753562,-0.0111324827,0.0008543078
10/31/2017,-0.0006096632,0.0195796484,-0.0056260602,-0.0107955499,0.0013361910,0.0112444175,0.0008873234
11/30/2017,-0.0008642164,0.0251294958,0.0287515183,0.0016592223,0.0011401953,-0.0015382936,0.0010192666
12/31/2017,-0.0021369696,0.0243857682,0.0185181825,-0.0028179582,-0.0019333523,-0.0002087948,0.0010934006
1/31/2018,-0.0014786865,0.0149000110,-0.0184765941,-0.0123496029,-0.0152653473,-0.0040832187,0.0011674743
2/28/2018,-0.0019404586,0.0496750887,-0.0075787744,-0.0195901241,0.0020210884,0.0203122004,0.0012990121
3/31/2018,-0.0009209517,-0.0358194031,0.0242372209,0.0024054806,0.0019558985,-0.0018553289,0.0014057469
4/30/2018,-0.0012290674,-0.0300006878,0.0125333452,-0.0013057853,-0.0060229423,-0.0061721239,0.0014549669
5/31/2018,0.0007178383,0.0036276223,-0.0364478553,-0.0071874342,0.0052231250,0.0108736179,0.0015369412
6/30/2018,-0.0022032075,0.0286162965,-0.0230501261,0.0059818820,0.0029996658,-0.0045519264,0.0015697102
7/31/2018,-0.0004108041,-0.0051558538,-0.0194239221,0.0022322713,-0.0002586441,-0.0041097571,0.0016188417
8/31/2018,0.0004109730,0.0427936961,0.0174954619,0.0007008815,-0.0058395780,-0.0082165879,0.0016761283
9/30/2018,-0.0022594228,0.0265946168,-0.0235994883,-0.0073906027,-0.0108301776,-0.0051974787,0.0017579038
10/31/2018,-0.0004117344,0.0098382060,-0.0075681900,-0.0102961147,-0.0043750306,0.0040651465,0.0018559375
11/30/2018,0.0004633920,-0.0716247700,-0.0708000296,0.0028485363,0.0072876064,0.0025178352,0.0019212348
12/31/2018,0.0015439247,0.0266040038,0.0522685145,0.0217610937,0.0075837113,-0.0161312484,0.0019538659
1/31/2019,0.0003596937,-0.1125966468,0.0082403017,0.0091369551,0.0089807882,-0.0021100328,0.0019538659
2/28/2019,0.0006163961,0.0906475752,-0.0037252551,0.0024518560,0.0106652195,0.0062431864,0.0019701771
3/31/2019,0.0016427105,0.0351284985,-0.0063314555,0.0082713172,0.0046956969,-0.0055539519,0.0019783315
4/30/2019,-0.0004100041,0.0176226810,-0.0356133135,0.0030807973,0.0022607620,-0.0027820571,0.0019620218
5/31/2019,0.0013843314,0.0360766372,0.0250784062,0.0096682060,0.0148545462,0.0032487884,0.0019375518
6/30/2019,0.0045568583,-0.0682022177,-0.0086613185,0.0244358032,0.0045025635,-0.0217238331,0.0017905934
7/31/2019,-0.0018348624,0.0797318085,-0.0248052571,0.0007103303,0.0202175281,0.0177738190,0.0017333788
8/31/2019,0.0021956699,0.0030150018,0.0100682558,0.0318227697,#N/A,#N/A,0.0016106550
9/30/2019,0.0018851582,-0.0238614711,0.0059989946,-0.0053754711,#N/A,#N/A,0.0015615191
